731582,-1.3,19.7,0,3.6,-6.4,84.5,97.3,7.5
731583,5.1,13.2,0,8.7,1.6,89.3,780.2,9.8
731584,4.7,13.8,0,7,2.1,87.5,1025.8,9.1
731585,-0.5,18.9,0,3.5,-4.5,89.8,330.2,6.7
731586,-4.1,22.5,0,-0.6,-7.6,85.8,227.7,5.9
731587,-4.2,22.6,0,-1.2,-7.3,88.1,84.3,6.2
731588,-8.1,26.6,0,-4.3,-12,86.5,58.4,5
731589,-9.6,28,0,-6.4,-12.8,84.3,18.2,4.8
731590,-10.5,29,0,-7,-14.1,82.9,0.8,4.5
731591,-8.4,26.8,0,-4.4,-12.7,87,5,4.1
731592,-6.1,24.5,0,-2.4,-9.9,86.7,12.3,5
731593,-4.8,23.3,0,-1.1,-8.7,88.2,6.7,7.1
731594,-0.7,19.3,0,2.1,-3.9,90.9,262.3,11.1
731595,3.3,15,0,5.5,1,92.1,448.4,11.6
731596,3.8,14.5,0,5.4,2.1,85.2,39.2,10.8
731597,3.4,14.9,0,5.6,1.3,86.6,42.8,10.1
731598,1.7,16.8,0,4.7,-1.4,87,7.7,7.1
731599,0.9,17.5,0,3.3,-1.4,89.6,1,6.9
731600,1.7,16.3,0,4.7,-1.4,84.1,3.5,7.9
731601,4.7,13.7,0,7.6,1.6,83.8,86.4,8.5
731602,3.7,14.8,0,5.7,1.4,87.1,116.6,6.8
731603,4,14.6,0,7,0.7,85.2,58,7.6
731604,3.6,14.8,0,5.7,1.4,92.1,92.2,6.9
731605,2.2,16.2,0,4.4,0,88.3,220.1,6
731606,1.6,16.8,0,4.1,-0.8,85.9,15.3,7.1
731607,2.7,15.7,0,4.3,0.9,91.5,121.7,7.7
731608,5.4,13,0,8.2,2.6,94.8,141,10.4
731609,5.1,13.3,0,8.4,1.8,81.9,353.2,15.2
731610,2.1,16.1,0,3.9,0.2,89.9,371.9,9.3
731611,-0.8,19.2,0,1.9,-3.5,89.2,225.1,7.4
731612,-4.2,22.7,0,-1.6,-7,85,191.8,6.8
731613,-5.9,24.3,0,-1.5,-10.4,83.9,51.9,6.7
731614,-2.5,21,0,1,-6.2,88.6,37.7,9.9
731615,1.4,17,0,3.7,-0.9,90.4,233.4,9.8
731616,0.4,17.9,0,2.7,-1.8,88.1,307.8,7
731617,-0.2,18.6,0,1.9,-2.3,89.3,118.4,6.6
731618,-1.8,20.2,0,0.7,-4.2,82.7,128.3,5.9
731619,-1.6,20.1,0,1.1,-4.4,88.1,30.7,5.7
731620,1.1,17.2,0,3,-0.6,95,93.8,4.5
731621,-1.1,19.4,0,2.6,-4.8,87.8,71.4,6.1
731622,-3.2,21.6,0,0.4,-6.8,87.3,784.8,4.9
731623,-3.7,22.1,0,-1.3,-5.9,89.6,2.5,5.3
731624,-4,22.5,0,-0.6,-7.6,81.1,0.7,6.2
731625,-5.3,23.7,0,-0.2,-10.3,70.3,0.4,6.1
731626,-4.6,23,0,1,-10.1,66.2,0.2,4.9
731627,-3.8,22.2,0,-0.5,-7.5,82,0.6,6.1
731628,-3.4,21.8,0,-0.5,-6.4,74.1,6.1,8
731629,-4.9,23.3,0,-0.7,-9.4,77.5,1.1,5.4
731630,-5.4,23.8,0,-1,-9.8,80.1,0.4,5.4
731631,-3,21.6,0,0.4,-6.6,85,0.4,6.6
731632,-2.2,20.7,0,1.6,-6.1,85.4,0,5.8
731633,-1.5,20.1,0,2.3,-5.6,84.7,0.2,5.9
731634,-0.6,18.5,0,4.4,-5.6,82.3,3.5,6
731635,0.4,18,0,6.3,-5.6,74.6,0,5.1
731636,1.7,16.8,0,8.6,-5.4,70.3,0,4.2
731637,1.8,16.6,0,9.3,-5.6,63.5,0,5.1
731638,1.7,16.7,0,8.5,-5.4,64,0,4.9
731639,3.3,15.2,0,10,-3.6,68.8,3.1,3.9
731640,3.8,14.7,0,8.7,-1.3,75.9,0.7,4.5
731641,5.1,13.2,0,8.9,1.5,82.7,26.5,5.4
731642,4.2,14.2,0,7.3,1.1,91.6,145.9,6.6
731643,3,15.4,0,4.8,0.8,91.6,389.1,4.9
731644,2.9,15.6,0,6.3,-0.5,87.1,42.1,4.7
731645,5.2,13.1,0,9.5,1.2,84.8,18.6,6.2
731646,4.2,14.3,0,7.5,0.7,78.6,11.5,8.7
731647,4.4,14.1,0,7.9,0.7,85.2,321.8,5.5
731648,5.2,13.2,0,8.7,1.6,78.4,26.7,10.1
731649,7.1,11.4,0,10.6,3.5,80.1,356.2,9.3
731650,9.3,9.1,0,14.8,3.7,68.1,54.5,8.1
731651,9.9,8.5,0,13.7,6.2,73.1,16,9.1
731652,7.1,11.3,0,10.8,3.4,82.6,377.5,9.4
731653,3.7,14.7,0,7.6,-0.3,65.8,121.8,7.4
731654,2.4,16.1,0,6.5,-1.9,68.8,1.2,7.2
731655,2.9,15.6,0,7,-1.3,72.8,9.6,6.4
731656,3.7,14.7,0,10,-2.6,71.3,0,4.6
731657,3.8,14.6,0,9.3,-1.6,73.5,0,6.1
731658,5.1,13.3,0,11.4,-1.3,66.7,0,5.1
731659,4.7,13.7,0,9.8,-0.4,73.7,0.3,6.8
731660,3.7,14,0,7,0.3,75.1,2.7,5.9
731661,2.6,15.9,0,7,-1.9,63.2,0,8.4
731662,3.3,15.2,0,9.9,-3.3,44.3,0.3,7.2
731663,6.3,12.1,0,14.8,-2.2,40.5,0.9,4.4
731664,8.8,9.6,0,18.2,-0.6,46,6.4,5.1
731665,9.9,8.6,0,16.3,3.2,63.8,0.4,4.7
731666,8.8,9.6,0,15.3,2.3,71.6,37.3,4.6
731667,9.9,8.5,0,16.6,3.1,71.8,30,3.8
731668,9.1,9.4,0,16.5,1.5,69.3,125.8,4.4
731669,11,7.5,0,17.2,4.4,68.3,0.9,4.1
731670,10.9,7.6,0,16.1,5.5,74.1,21.3,6.4
731671,7.4,11.1,0,12.3,2.5,64.1,51.3,7.6
731672,7.8,10.7,0,15.4,0,54.5,0.6,8.9
731673,7.2,11.2,0,11.2,3.3,80.9,412.4,10.9
731674,4.6,13.8,0,7.4,1.5,75.7,186.4,8.6
731675,4.7,13.8,0,9.6,-0.5,69.2,76.2,7.6
731676,5.4,12.9,0,9.4,1.6,65.5,5.1,12.2
731677,2.5,16,0,6.4,-1.6,56.2,9.5,9.9
731678,-0.2,18.6,0,3.7,-4.1,55.8,17.6,7.9
731679,-0.4,18.8,0,4.8,-5.6,55.5,1.4,5.2
731680,0.7,17.8,0,5.8,-4.5,58.9,1.1,6
731681,1.9,16.5,0,6,-2.2,74.1,53.3,4.8
731682,3.7,14.8,0,8.3,-1,67.8,68.1,5.5
731683,6.3,12.1,0,13,-0.5,56.5,2.1,4.3
731684,8.6,9.7,0,16.3,1,52.3,1.1,5.3
731685,11,7.5,0,18.5,3.3,47.1,0,9.8
731686,13.5,5,0,21.4,5.6,46.5,0.3,9.5
731687,13.4,5.1,0,20.4,6.2,43.1,0.3,9
731688,12.3,6.1,0,19.3,5.4,42.5,0.6,8.3
731689,9,9.4,0,14.8,3.3,61.3,6.2,10
731690,7,11.4,0,11,3,76,42.5,10.3
731691,11.2,7.3,0,18.7,3.7,59.2,224.2,8.4
731692,13.7,4.7,0,20.6,6.6,51.8,11.5,7.5
731693,12.8,5.6,0,19.1,6.6,58.6,47.5,5.9
731694,11.9,6.5,0,19,4.9,55.7,46.3,5.4
731695,11.9,6.6,0,19.8,3.9,53.3,1,4.2
731696,14.1,4.4,0,21.4,6.5,50.6,0.3,5.8
731697,15.1,3.4,0.1,20.4,9.8,66.7,38.8,7.4
731698,12,5.9,0,15.5,8.7,73.2,653.1,10.8
731699,14,4.5,0,19.8,8,64.9,148.7,7.6
731700,15,3.4,0,19.5,10.4,67.9,77.1,9.2
731701,14,4.5,0,19.5,8.6,78.4,87.5,7.2
731702,13.1,5.4,0,17.2,9,66.1,393.8,11
731703,13.7,4.8,0,20.1,7.1,61.6,135.6,7
731704,12.2,5.6,0,16.9,7.6,64.2,233.3,12.5
731705,14.4,4,0,22.8,6,49.7,44.5,6.6
731706,18.6,0.7,0.9,27.4,9.8,49.6,7.6,6.4
731707,16.9,2.5,1,22.4,11.4,69.4,66.7,6.5
731708,14.7,4.1,0.3,20.4,8.9,64.8,19.9,5.4
731709,16.5,2.3,0.3,24.5,8.5,61.8,0.6,5.3
731710,15.2,3.4,0.1,20,10.1,78.3,254.4,4.7
731711,13.2,5.1,0,17.9,8.7,73.8,225.4,3.8
731712,13.8,4.1,0,19.9,7.7,67.7,55.3,4
731713,14.9,3.6,0,19.3,10.4,71.9,101.6,6.1
731714,11.1,7.4,0,15.4,6.7,79.2,338.4,7.3
731715,9.1,9.4,0,13.1,4.8,74.1,252.9,8.3
731716,9,9.4,0,13.5,4.4,73.1,219.7,5.9
731717,9.4,9.1,0,16.4,2.4,62.2,65.6,4.2
731718,12.7,5.8,0,18,7.3,67.9,25.4,6.2
731719,13.9,4.1,0,18,9.6,78.7,168.7,7.4
731720,14.8,3.9,0,18,11.3,83.6,601.6,6.6
731721,12.5,5.9,0,16.2,8.9,71.4,850.9,9.5
731722,11.8,6.8,0,15.4,8,77.3,172.9,7.3
731723,12.1,6.4,0,16,7.8,80.9,160.7,6.7
731724,15.7,2.7,0,19.6,11.7,77.2,257.6,8.1
731725,18,1.4,1,24.3,11.4,67.8,124.3,5.7
731726,16.8,2.2,0.6,21.4,12.1,75.6,256.9,6.5
731727,14.2,3.8,0,18.3,10,75.6,191.7,5.4
731728,15.8,2.7,0,20.7,10.8,69.4,2.9,4.9
731729,16.8,1.7,0.1,21.9,12,64.3,15.4,6
731730,18.1,0.9,0.5,24.7,11.6,60,36.9,5.7
731731,20,0.3,1.7,27,12.7,57.6,5,4.2
731732,19.2,0.4,1.2,24.9,13.3,71,34.3,4.8
731733,19.3,0.4,1.3,26.1,12.3,66.7,182.7,4.4
731734,21.1,0,2.7,28.3,13.9,58.5,190.1,6.1
731735,21.8,0,3.3,27.9,15.5,64.3,53.8,4.3
731736,23.7,0,5.2,30.3,17,58.6,231.7,5.7
731737,21.7,0.2,3.4,28.3,15.1,68.9,128.5,5.3
731738,19,0.6,1.2,24.5,13.5,70.1,417.6,4.4
731739,21.1,0,2.7,27.6,14.5,65.3,20.5,4.4
731740,22.9,0,4.5,30.1,15.6,67.4,43.8,6.2
731741,18.4,1.2,1.2,24,12.6,63.1,764.2,8.3
731742,20.3,0.5,2.3,27.9,12.3,62.5,0.9,5.4
731743,20.9,0.3,2.8,25.8,15.9,65.7,341.1,7.2
731744,21,0.4,2.9,28.2,13.7,64.7,4.6,4.5
731745,19.5,0.7,1.7,24.9,14,66.9,227.9,5.6
731746,18.1,1.6,1.2,23.6,12.3,67.6,123.4,4.5
731747,17.8,1.5,0.8,23.2,12.1,64.5,302.5,4.5
731748,17.7,1.4,0.7,23,12.4,60.6,14.8,5.3
731749,18.8,0.8,0.9,26,11.2,57.6,3.1,4.6
731750,19.3,0.2,1.1,23.7,14.8,74,325.8,6.4
731751,18.5,0.5,0.5,21.8,15,76.2,126.6,9.3
731752,16.7,1.9,0.3,20.8,12.7,65.6,389.6,12.1
731753,14.5,3.4,0.1,19.3,9.9,63,90,8
731754,17.5,1.5,0.5,24.3,10.6,59.8,7.1,4.4
731755,22.3,0,3.8,30.1,14.2,60.3,27.2,8.8
731756,19.1,0.7,1.4,24.1,13.9,65,185.3,8.6
731757,17.5,1.6,0.7,22.3,12.7,62.8,0.3,7.4
731758,17.9,1.2,0.6,24.3,11.5,62.2,4.4,5.2
731759,18.9,0.4,0.9,25.5,12.4,58,29.2,5.3
731760,19.7,0.2,1.3,25.4,13.8,61.1,121.4,4.5
731761,20.1,0.4,2,26.2,13.7,60.5,17.5,4.2
731762,19.9,0.7,2.1,26.1,13.5,66,38.8,4.9
731763,18.3,0.8,0.6,22.4,14,79.8,389.9,7.6
731764,17.1,1.5,0.2,21.3,12.8,75.2,359.3,8.8
731765,16.3,2.1,0,20.2,12.5,78.8,350.7,8.3
731766,16,2.7,0.1,18.7,12.8,80.7,357,9.3
731767,15.9,2.6,0,18.6,13,82.8,419,9
731768,16.6,2.1,0.1,19.8,12.7,72.8,49,6.9
731769,16.9,1.6,0.2,22,11.9,67,22.2,4.6
731770,18.2,0.8,0.4,24.1,12,63,16.8,4.8
731771,18.2,0.7,0.4,22.9,13.3,68.7,24.9,6.2
731772,17.8,1.1,0.4,23.6,11.8,62.1,25.4,5.3
731773,19.6,0.1,1.2,27,12,58.1,0.3,5.8
731774,18.7,0.6,0.8,24,13.3,61.4,51.9,7.2
731775,17.4,1.2,0.3,23.3,11.6,58.7,0.4,5.6
731776,19.2,0.3,1.1,26.6,11.9,51.4,0,6.6
731777,21.5,0,3.2,29.1,14,49.8,0,6.4
731778,24.3,0,5.7,31.8,16.5,51.5,1.7,7.8
731779,21.9,0.1,3.6,27.4,16.4,72.3,329.7,6.7
731780,20.2,0.1,1.8,25.8,14.6,63.4,329.7,5.5
731781,22.3,0,3.9,29.9,14.7,51.2,1.9,4.6
731782,25,0,6.6,32.8,17.3,45.6,4,6.1
731783,23.9,0,5.4,29.9,17.6,63.8,141.4,4.9
731784,22,0,3.5,27.4,16.4,66.7,374.9,5.5
731785,21,0,2.6,26.9,15.1,63.7,245.2,4.4
731786,20.7,0.1,2.5,26.6,14.9,70.2,84.8,4.6
731787,20.2,0,1.8,25.5,14.7,66,289.6,4.7
731788,20.4,0,2.4,24.3,16.4,71.4,79.3,5.6
731789,22.9,0,4.5,28.3,17.5,71,150,7.6
731790,19.5,0.3,1.3,23.7,15.1,69.5,508.2,5.5
731791,19.1,0.2,0.9,24.9,13.1,60.7,45.5,4.1
731792,19.8,0.2,1.4,25.8,13.5,61.5,13.5,4.4
731793,20.3,0.1,1.9,26,14.4,64.2,88.3,4.4
731794,22.2,0,3.7,28.6,15.6,62.3,1.1,3.7
731795,23.7,0,5.3,29.9,17.5,60,1.2,3.7
731796,24.3,0,5.8,30.8,17.7,58,0,4
731797,24.3,0,5.9,31.4,17.2,54.2,0,4.4
731798,24.1,0,5.7,30.7,17.3,52.8,1.1,5.1
731799,23.6,0,5.2,30.3,16.6,50.4,8.5,4.4
731800,24.4,0,5.9,32.5,16.1,44.4,1.2,4
731801,25.4,0,7,33.6,17.2,42.7,1.7,4.1
731802,26,0,7.6,33.7,18.3,44.6,1.3,4.6
731803,25,0,6.5,32.1,17.6,46.6,0.3,5.6
731804,24.1,0,5.7,31.4,16.7,42.2,1.3,4.9
731805,25.9,0,7.4,34.4,17.2,41.6,1.9,4.4
731806,25.6,0,7,32.1,18.9,49.1,0.7,7.7
731807,21,0.1,2.5,25.5,16.1,58.1,5.6,8
731808,18.7,0.5,0.6,23.2,13.9,55.3,7.3,8.3
731809,18.3,1,0.8,24.4,12.2,54,1.4,5.5
731810,19.9,0.5,2,27.3,12.5,52.2,4,4.3
731811,22,0.1,3.6,27,16.8,65.5,59.6,7
731812,19.9,0.2,1.6,24.1,15.4,71.2,57.3,7.4
731813,18.8,0.6,1,24.2,13.3,61.7,0.9,5.3
731814,18.7,0.7,0.9,25.3,12.1,57.9,4.8,4.6
731815,19.5,0.4,1.4,24.7,14.1,59.5,2.4,8
731816,19.8,0.2,1.4,24.8,14.5,64.6,3.3,7.7
731817,18.2,1.1,0.7,22.6,13.5,63.1,31.5,6.3
731818,18.7,0.4,0.6,24.9,12.4,57.1,0,4.9
731819,18.2,0.7,0.4,24.9,11.3,55.4,1,6.5
731820,16.5,2.1,0.1,20.5,12.4,59.6,2.8,8.7
731821,17,1.9,0.3,22.8,10.8,60.8,5.9,4.1
731822,16.7,2.3,0.6,20.5,13,82.2,82,7.4
731823,15.1,3.4,0,18.7,11.3,77.9,30.2,6.9
731824,13.3,5.2,0,17.1,9.4,77.9,23.2,7.3
731825,12.6,5.9,0,16.6,8.4,76.5,41.4,6.7
731826,12.1,6.5,0,16.9,7,67.6,23.1,5.1
731827,12.9,5.6,0,18.5,7.1,64.4,2.3,5.4
731828,14.3,4.2,0,20.4,8.1,65.1,5.1,4.8
731829,15.5,2.8,0,22.8,8.3,61.2,8.5,5
731830,17,1.7,0.2,22.5,11.3,62.2,0.8,5.3
731831,17.2,1.1,0.3,21.6,12.8,70.9,1.8,3.8
731832,15.6,2.9,0,19.6,11.5,76.8,95.4,5.3
731833,14.7,3.8,0,18.4,10.8,80.9,2.9,5
731834,14,4.5,0,17.2,10.6,79,37.5,6
731835,12.7,5.7,0,15.5,9.9,85,203.8,8.9
731836,13.9,4.7,0,17.3,10.2,80.9,55,5.7
731837,13.9,4.6,0,18,9.7,74.6,7.7,5.9
731838,13.5,5,0,19.4,7.6,76.1,6.4,4
731839,14.8,3.8,0,21.2,8.1,71.9,0,3.9
731840,15.8,2.6,0,22.4,9.3,70.1,0,4
731841,16.7,1.8,0,23.4,9.8,67.8,0,3.5
731842,18.4,0.6,0.5,26.3,10.5,58.6,6.4,5
731843,19.1,0.6,1.1,26.2,11.7,61.4,6.4,5.2
731844,20.4,0.1,2,28,12.5,59.5,0,3.8
731845,19.6,0.5,1.6,25.4,13.4,56.5,1.9,6.1
731846,19.9,0.1,1.5,27.3,12,57.6,7.3,7.2
731847,13.2,5.3,0,17.9,8.3,75.3,21.2,8.4
731848,10.4,8.1,0,15.1,5.4,71.4,14.2,5.2
731849,11.1,7.4,0,17.6,4.5,61.4,0,5.7
731850,13.1,5.4,0,20.1,5.8,60.2,1.3,5.9
731851,12.7,5.8,0,17.5,7.8,70.1,3.1,4.8
731852,12.1,6.5,0,16.7,7.2,78.3,12.2,4.4
731853,10.9,7.6,0,14.1,7.5,82.4,59.6,7.1
731854,9.9,8.6,0,15.4,4.2,77.7,51.8,4.4
731855,10.2,8.2,0,15.6,4.8,80.3,13.4,5
731856,13.4,5.1,0,17.9,8.9,85.6,30.5,4.4
731857,12.7,5.7,0,17.2,8.4,89.4,39.5,5.2
731858,11,7,0,14,7.8,84,87.2,6.9
731859,8.4,9.9,0,11.5,5.3,85.2,29.9,5.7
731860,7.4,11.1,0,10.4,4.3,80.4,34.5,11.3
731861,7.3,11.1,0,9.7,4.8,84.6,110.2,12.3
731862,8.3,10.1,0,11.1,5.4,85.5,114.3,11.9
731863,9.9,8.6,0,12.7,7,80.8,117.4,10.6
731864,12.4,6.1,0,14.2,10.4,83.3,13.1,10.6
731865,11.5,7.1,0,14.1,8.6,77.4,8.2,8.7
731866,8.6,9.9,0,13.2,3.8,75.5,0.3,5.3
731867,7.2,11.3,0,12.7,1.5,77.7,3.3,4.6
731868,6.3,12.2,0,10.7,1.6,73.5,1.3,6.1
731869,6,12.5,0,11.1,0.6,75.5,0,5.6
731870,5.3,13.2,0,10.4,0,75.4,0,5.7
731871,4.9,13.6,0,10,-0.4,70.5,0,6.6
731872,4.5,13.9,0,10.7,-1.6,72,0,5
731873,4.3,14,0,9.8,-1.5,78.7,1.4,3.1
731874,4.3,14.1,0,7.2,1.4,85.6,19.7,5
731875,3.9,14.6,0,5.9,1.5,89.4,53,4.8
731876,3.3,15.2,0,6.1,0.3,88,26.1,5.9
731877,1.2,17.3,0,4.1,-2,79.6,10.6,7.3
731878,-0.6,19.1,0,3.3,-4.5,75.8,3.8,4.8
731879,2.9,15.7,0,6.1,-0.5,81.8,0.6,9.8
731880,3.3,15.2,0,6.1,0.5,83.4,36,6.2
731881,2.2,16.4,0,6.7,-2.6,80.9,39.2,3.8
731882,3.2,15.1,0,8.4,-2,80.2,3,5.1
731883,4.4,14.1,0,8.6,0.1,80.2,9.5,5.5
731884,4.8,13.6,0,7.1,2.5,90.9,54.3,5.6
731885,6.4,12.1,0,10,2.8,84.5,81.1,7.7
731886,8.1,10.1,0,10.4,5.8,87.3,21,7.2
731887,8.3,10.3,0,10.9,5.4,82.7,5.1,8.6
731888,9.9,8.5,0,12.4,7.4,81.7,47.8,11.4
731889,8.6,9.9,0,12.5,4.4,80.4,6.5,7.4
731890,6.8,11.5,0,12,1.9,84.7,6.4,4.9
731891,5.4,13,0,9.8,1.1,83.4,0,5.9
731892,4.7,13.9,0,7.8,1.5,85,1.7,9.7
731893,5.9,12,0,8.3,3.3,78.5,2.6,11.2
731894,5.4,12.4,0,9.5,1.4,84.6,8.5,6.2
731895,3.3,15.2,0,5.7,0.6,91.1,0.3,7.3
731896,2.7,15.5,0,5.6,-0.3,85.8,7.2,6.6
731897,2.4,16.1,0,5.7,-1.3,81.6,0.6,6.3
731898,3.1,15.3,0,6.6,-0.4,89.2,11.1,4.3
731899,4.2,14.3,0,6.5,1.7,92,4.2,5.8
731900,6.5,12,0,9.5,3.4,86.1,1.6,7.2
731901,4.8,13.6,0,7,2.6,93.5,10.4,4.7
731902,6,12.4,0,7.8,4.3,88.3,114.6,9.1
731903,8,10.5,0,10.4,5.5,91,47.3,9.7
731904,9.6,8.6,0,11.8,7.3,89,22,10.5
731905,8.7,9.7,0,11,6.4,91.7,6.3,6
731906,7.7,10.8,0,10.3,5,89.8,0.2,5.3
731907,8.3,9.8,0,11,5.4,86.7,0.9,5.7
731908,9.3,8.7,0,11.9,6.5,81.3,0.8,5.9
731909,8.8,9.6,0,11.6,6,85.2,6.6,5.5
731910,8.1,10.4,0,10.5,5.5,90.5,0.3,4.1
731911,7.7,10.9,0,10,5.1,89.5,18,6.2
731912,5.8,12.7,0,7.5,4.1,94.6,43,3.7
731913,5.1,13.3,0,6.7,3.5,90.5,58.5,5.4
731914,4.1,14.4,0,5.9,2.1,95.5,44.6,4.9
731915,4.7,13.7,0,6.7,2.7,91.3,7.9,6.6
731916,5.7,12.8,0,8.4,2.9,89.1,91.9,6.8
731917,4.9,13.7,0,7.4,2.3,87.5,1.1,6
731918,3.9,14.4,0,5.4,2.2,95.5,2.2,4.5
731919,3.8,14.4,0,4.7,2.8,91,2.6,5.8
731920,3.7,12.9,0,4.9,2.5,94.5,3.8,6.5
731921,2.8,15.8,0,6,-0.6,74.6,8.4,10.5
731922,-1.3,19.8,0,1.8,-4.6,78.3,0.3,5.4
731923,-1.7,20,0,2.1,-5.6,81.2,3.4,4.1
731924,-0.9,19.3,0,3.6,-5.4,76.1,0,4.1
731925,0.5,18.1,0,4.4,-3.6,75.4,0,5.9
731926,0.9,17.6,0,3.7,-2.1,84.2,4.4,8.1
731927,2.6,15.8,0,5,0.2,87.8,57.3,5.8
731928,6.2,12.3,0,9.8,2.5,93,30.2,11.7
731929,5.9,12.6,0,9,2.6,84,216,15.1
731930,1.9,16.5,0,3.7,0.1,82.4,174.3,13.9
731931,2,16.5,0,3.6,0.2,83.5,6.8,8.5
731932,2.7,15.7,0,4.9,0.5,89.7,11.8,6.7
731933,1.6,16.7,0,4.4,-1.2,88.4,2.3,5.1
731934,1.6,16.9,0,4,-1,89.7,0.3,6
731935,5.4,13.1,0,7.8,2.9,90.4,0.3,8.2
731936,5.1,13.3,0,7.9,2.2,80.1,48.8,16.7
731937,-0.3,18.8,0,3.1,-4,83.3,28.8,9.4
731938,-3.5,21.9,0,-0.6,-6.6,85.9,4.8,6.6
731939,-1.6,20.1,0,1,-4.3,82.3,2.8,7.6
731940,1,17.4,0,3.3,-1.4,81.4,4.4,7.9
731941,3,14.8,0,4.9,0.8,85.9,3.7,8.1
731942,4,14.2,0,6.3,1.7,79.9,4.8,10.8
731943,4.3,13.8,0,6.9,1.5,81.4,12.6,10
731944,2,15.8,0,4.4,-0.3,82.5,24.6,7.9
731945,0.1,18.3,0,2.2,-2.1,90.5,1.8,3.2
731946,-0.4,18.4,0,1.5,-2.3,90.3,1.8,5.2
731947,-2.4,20.8,0,-0.6,-4.3,89.8,8.4,5.4
731948,-3.4,21.7,0,-1.3,-5.5,85.8,8.1,6.5
731949,-4.8,23.2,0,-2.2,-7.4,81.8,0.3,3.9
731950,-3.5,21.8,0,-1.1,-6.1,87.6,1.1,7.2
731951,-2.3,20.8,0,-0.4,-4.6,90.5,10.2,6.3
731952,-0.6,18.3,0,2.4,-4.1,88,10,8.1
731953,2.6,15.9,0,4.4,0.5,94,93.1,5.4
731954,1.8,16.6,0,3.5,-0.3,91.8,8.5,7
731955,2.8,15.7,0,4.7,0.8,94.1,62.6,6.6
731956,3.5,15,0.1,5.4,1.5,92,43,6.4
731957,5.5,13.1,0,8.3,2.2,91,43.1,10
731958,4.7,13.7,0,6.6,2.8,86.8,232.6,9.5
731959,5.5,13,0,7.7,3.2,89.2,117.4,11.4
731960,4.2,14.2,0,6,2.2,80.6,105.9,12.9
731961,2.7,15.8,0,4.1,1.2,88.6,49.1,9.6
731962,3.4,15,0,5.4,1.3,85.4,35.6,12.3
731963,3,15.3,0,4.8,1.2,86.2,32.4,8.8
731964,0.2,18.3,0,2.3,-2.2,85.5,29.5,7
731965,0.4,18,0,2.8,-2,89.4,10.2,10.4
731966,0.9,17.3,0,3,-1.1,86.9,131.4,7
731967,-2.1,20.6,0,-0.2,-4.2,81.9,8.5,4.3
731968,-3.7,22.2,0,-1.2,-6.2,81.9,0.2,4.4
731969,-2.9,21.3,0,0,-6,80.4,0.2,5
731970,-3.3,21.8,0,-0.5,-6.2,79.1,4.6,5.8
731971,-0.9,19.3,0,1,-2.8,93.5,15.4,4.7
731972,-1.8,20.2,0,0,-4,92.6,7.2,4.7
731973,-3,21.2,0,-1.5,-4.3,91.8,41.7,4.3
731974,-1.7,20.2,0,0.1,-3.6,89.4,19.6,7.1
731975,-1.5,20.1,0,0.5,-3.7,87.4,30.1,10.4
731976,-0.3,18.8,0,1.9,-2.6,79.9,20.5,11.5
731977,2.9,15.5,0,7,-1.3,74.8,29.4,13.1
731978,7,11.4,0,9.8,4.2,78,49,13.5
731979,8,10.5,0,10,5.8,84.8,89.6,10.1
731980,9.8,8.8,0,12.3,7.1,83,44.6,9.3
731981,10.1,8.4,0,13,7,74.6,20.4,10.6
731982,10.4,8.1,0,13.3,7.2,74.1,3.8,11.6
731983,10.4,8.1,0,12.9,7.7,75,8.1,9.6
731984,7.1,11.4,0,10.6,3.5,74.7,20.5,15
731985,3,15.6,0,4.9,0.7,84.3,75.5,14.9
731986,1.3,17.2,0,2.8,-0.3,82.6,63.3,12.6
731987,1.3,17.1,0,3.6,-1,85.3,8.8,9.4
731988,1.4,17.1,0,3.9,-1.2,91,87,7.4
731989,-0.3,18.8,0,2.2,-2.8,85.2,2.1,4.1
731990,3.7,14.8,0,6.1,1.1,92.9,2.5,6
731991,4.9,13.5,0,6.6,3.3,91.3,0.5,4.8
731992,3.6,14.8,0,5.4,1.6,89.6,3.5,4.6
731993,2.5,15.3,0,4.7,0.2,87.3,1.6,4.8
731994,2.3,16.2,0,4.6,-0.3,90.2,0.4,6.4
731995,2.6,16,0,5,0,82.4,0.4,6.5
731996,-0.2,17.9,0,1.9,-2.3,76.9,3.1,10
731997,-0.1,18.5,0,3.7,-3.9,65.7,0,10.4
731998,0.1,17.8,0,3.4,-3,68.1,7.7,7.1
731999,1.5,16.8,0,4.2,-1.1,75.6,2.7,6.3
732000,-0.3,18.7,0,2,-3.1,77.7,16.5,7.3
732001,-1.4,19.8,0,2.7,-5.5,76.7,2,7.8
732002,-0.7,19.2,0,1.8,-3.4,85.7,29,8
732003,-1,19.5,0,1.4,-3.6,82.2,44.6,6.6
732004,-1.9,20.4,0,1.3,-5.4,80.9,4.1,4.6
732005,-1.8,20.3,0,2.1,-5.8,78.6,2.3,3.7
732006,-1.9,20.4,0,1.5,-5.6,81.5,0.4,5.6
732007,-1.2,19.7,0,1.9,-4.7,80.9,0.3,7.6
732008,1.9,16.5,0,3.9,-0.2,88.4,29.2,8.9
732009,1.7,16.8,0,4.7,-1.6,77.1,1.1,7.3
732010,0,18.5,0,4.1,-4.3,72.5,1.2,5.5
732011,-0.5,19,0,3.4,-4.4,65.4,1.2,8.8
732012,-1.2,19.7,0,0.8,-3.3,79.4,17.5,5.8
732013,1.3,17.3,0,4.2,-1.9,81.9,4.7,5.1
732014,0.9,17.6,0,4.6,-2.8,78.7,7.4,5.7
732015,0.1,18.4,0,2.2,-2.1,82.8,14.5,7.2
732016,0.2,18.4,0,1.6,-1.5,88.9,27.2,7.5
732017,1.4,17.2,0,3.7,-1.2,84,12.8,6.3
732018,3,15.5,0,7.3,-1.4,74.5,2.2,8
732019,6.9,11.6,0,10.3,3.4,76.8,4.2,7.3
732020,7.9,10.7,0,11.9,3.7,74.5,20.6,8.3
732021,9.7,8.8,0,13.3,6,73.2,0.2,9.2
732022,10.9,7.5,0,15.3,6.5,78.1,2.5,7.5
732023,12.3,6.2,0,19.7,4.6,67,0,5.6
732024,11.2,7.3,0,17.1,5.2,71.3,3.1,4.8
732025,11,7.4,0,13.8,8.1,71.1,0.7,12
732026,10,8.5,0,13.2,6.6,78.6,39.2,16.1
732027,8.4,10.2,0,11.6,5,70.5,89.2,17.1
732028,6.1,12.3,0,9.1,2.9,77.5,48.4,10.6
732029,4.3,14.2,0,7.9,0.4,81.4,23.1,5
732030,3.8,14.8,0,6.4,0.8,81.1,8.9,8.4
732031,2.4,16.1,0,4.6,0,74.9,14.1,7.1
732032,0.7,17.7,0,3.8,-2.3,74.3,0.9,5.9
732033,1.3,17.2,0,5.6,-3.2,70.3,2.7,4.6
732034,4.4,14.1,0,8.8,-0.2,70.2,2.3,4.6
732035,6.1,12.4,0,12.4,-0.5,65.7,5.9,4.9
732036,7.7,10.8,0,14.5,0.7,60.6,0,8.4
732037,8.8,9.8,0,15.2,2.1,59.1,2.8,7.5
732038,9.8,8.7,0,15.9,3.4,60.7,1.5,9
732039,10.8,7.8,0,16.9,4.5,57.7,1.4,9.7
732040,10.6,7.8,0,14.7,6.5,67,4.9,7.6
732041,8.9,9.6,0,13.2,4.6,73.5,7.8,9.6
732042,7.4,11,0,10.1,4.7,79.5,47.6,9.7
732043,5.6,12.8,0,8.2,2.9,83.6,72.8,9
732044,5,13.5,0,7.6,2.4,84.8,58.1,7.6
732045,5.1,13.4,0,7.9,2.2,84.9,22.4,7.1
732046,5.2,13.2,0,9,1.5,81.8,23.5,6.4
732047,6.1,12.5,0,9.4,2.5,78.7,21.5,6.6
732048,5.2,13.3,0,9.5,0.9,74,10.3,5.8
732049,6,12.4,0,10.5,1.3,74.1,2.4,6
732050,7.3,11.2,0,11,3.5,73.3,1.1,5.3
732051,8.5,10,0,14,3,61.3,0,4.8
732052,9.9,8.5,0,17.8,2.1,53.9,1,5
732053,11.9,6.6,0,19,4.8,55.5,8.8,4.8
732054,12,6,0,18.8,5.2,58.2,2.2,5.3
732055,12.2,6.2,0,16.7,7.8,67.2,6,7.4
732056,8.6,9.9,0,12.2,4.9,73,14.9,6.6
732057,9.4,9,0,14.9,3.9,65.6,67.1,4.8
732058,12.3,6.1,0,18.8,5.8,63.8,45.1,4.7
732059,14.2,4.2,0,20.7,7.6,64.6,2.6,4.3
732060,11.2,7.2,0,15.6,6.8,78.8,56.7,6.7
732061,9,9.4,0,13.2,4.7,74.5,75.8,6.5
732062,9.7,8.8,0,14.8,4.4,69.3,17.7,5
732063,10.9,7.6,0,15.8,5.7,71.6,10.4,4.5
732064,12.2,6.3,0,18,6.3,66.8,5.1,5.9
732065,13.3,5.2,0,19.4,7.2,60.5,16.2,7.2
732066,14.1,4.3,0,19.2,8.9,63.6,20.4,8
732067,15.7,2.9,0,21.5,9.7,58,0.9,9.7
732068,15,3.5,0.1,19.6,10.4,69.7,1.1,6.5
732069,13.1,5.4,0,16.6,9.5,79.3,5.1,6.1
732070,13.7,4.8,0,19.1,8.2,70.7,11.2,5.4
732071,13.7,4.7,0,18.4,9,71,40.1,6.6
732072,11.6,6.8,0,14.9,8.3,75,26.6,5.8
732073,10.1,8.4,0,12.9,7.3,88.3,106.3,5.6
732074,9.5,9,0,12,6.9,89.8,194.4,9.4
732075,9,9.5,0,12.3,5.6,77.4,157.3,7.4
732076,9.6,8.9,0,12.7,6.3,83.4,56.7,5.8
732077,12.7,5.7,0,16.8,8.6,82.4,145.8,6.2
732078,12,6.4,0,16.2,7.8,81.7,8.6,5.7
732079,10.6,7.8,0,13.6,7.6,79.8,13.9,6.1
732080,9.5,9,0,12,6.9,82,8,6.2
732081,10.3,8.1,0,14.8,5.9,71.7,2.3,4.1
732082,11.7,6.8,0,16.2,7.1,76.5,3.1,7.9
732083,12.7,5.9,0,16.8,8.1,70.6,9.9,6.6
732084,13.6,4.9,0,19,8.1,69.6,0.2,4.5
732085,14.8,3.7,0,20.7,8.9,64.7,5.5,5.7
732086,15.2,3.2,0,21.6,8.8,60.6,1.5,8.2
732087,14.3,4.2,0,19.5,9,63.4,1.1,5.5
732088,10.9,7.6,0,14.5,7.1,76.1,6.9,7
732089,7.3,10.6,0,11.8,2.7,67,17.7,9
732090,8.2,10.3,0,12.5,3.8,65.9,20.3,9
732091,8.8,9.7,0,14.3,3,65.9,0.5,7
732092,10.9,7.7,0,15.3,6.1,66.3,2.9,6.8
732093,10.5,7.9,0,15.2,5.8,65.5,10.9,6.4
732094,10.3,8.2,0,14.8,5.6,69.3,5.3,5.1
732095,11.5,7,0,17.1,5.7,64.6,0.2,4.5
732096,13.5,5,0,20.7,6,53.3,0,4.2
732097,16.2,2.5,0.2,22.9,9.3,48.9,1.4,5.3
732098,15.3,3.3,0.1,19.8,10.7,67.8,14.3,5.7
732099,14.2,4.3,0,18.9,9.4,71.4,50.5,4.4
732100,14.7,3.8,0,19.1,10,76.7,45.1,5.2
732101,15.5,3,0,20,10.9,69.6,188.5,5.7
732102,14.2,4.2,0,17.7,10.7,82.6,19.5,5.4
732103,13.2,5.3,0,15.9,10.4,83.9,124.7,5.8
732104,14.5,4,0,19.5,9.3,73.4,127,4.2
732105,17.3,1.3,0.2,24.2,10.5,65.6,1.3,4.5
732106,19.6,0.3,1.4,26.2,12.9,63.5,2.6,4.6
732107,20.4,0.6,2.4,26.1,14.5,69.4,1.4,6
732108,20.6,0.1,2.1,25.1,15.8,73.6,143.5,5.4
732109,17.8,1.1,0.4,21.2,14.1,78,35.1,7.5
732110,14.8,3.7,0,18.4,11.1,77,88.5,7.1
732111,13.8,4.6,0,17.5,10.2,78,20.2,6.5
732112,15,3.4,0,21,9.2,71.7,18.2,6.9
732113,17.1,1.5,0.2,22.2,12,72.9,4.5,9.5
732114,13.6,4.9,0,17,9.9,64.1,30.1,9.1
732115,15.2,3.4,0,21.2,9.1,70.9,4.5,9.1
732116,14.5,3.9,0,17.8,11.1,75.3,63.1,6.9
732117,12.4,6.1,0,15.9,8.9,77.3,2.8,7
732118,12,6.6,0,16.2,7.4,70.9,36.8,5
732119,13.3,5.2,0,17.8,8.6,73.2,21.3,5.7
732120,14.8,3.7,0,19.4,10.2,76,30.4,4.7
732121,16.7,2,0.2,21.5,11.6,76.9,32.1,9.6
732122,15.4,3.1,0,18.6,12.2,63.1,87.7,12.8
732123,13.8,4.7,0,16.9,10.6,71.7,3.3,9.9
732124,14.7,3.8,0,19.8,9.4,63.5,10,5.9
732125,17.5,1.5,0.6,22.7,12.2,73.7,1.3,5
732126,16.5,2.1,0.2,20.6,12.4,65.4,33,9.2
732127,15.4,3.1,0,20.1,10.5,64.6,2.4,7.3
732128,17,1.6,0.1,22.5,11.3,64.6,2,4.9
732129,16,2.5,0.1,19.6,12.4,71.3,6,7.9
732130,13.8,4.6,0,17,10.7,80.5,20.2,6.4
732131,14.7,3.9,0,18.1,11,75.7,6.2,9.3
732132,15.8,2.8,0.1,20.2,11.1,67.5,15.9,7.6
732133,16,2.6,0.1,20.6,11.3,75.3,23.9,6.2
732134,15.6,3,0.1,20.4,10.7,67.6,30.6,5.5
732135,16.6,2.1,0.2,22.5,10.6,65.9,16,6.4
732136,18,1,0.6,22.3,13.5,80.3,69.6,6
732137,16,2.5,0.1,19.3,12.6,77.5,152.7,9.1
732138,14,4.5,0,17.1,10.7,78.9,222.3,8.5
732139,13.7,4.7,0,17.5,10,74.9,57.1,8.7
732140,13.8,4.7,0,16,11.3,83,45.9,9.1
732141,13.5,5,0,16.1,10.7,78.8,36.4,8.7
732142,15,3.5,0,19.3,10.5,71.3,3.7,7.9
732143,17,1.6,0.1,20,13.9,81.6,27.8,7.1
732144,18.6,0.8,0.9,22.5,14.6,78.1,33.6,5.2
732145,21.2,0,2.6,27.8,14.2,69.4,13.3,5.1
732146,21.2,0.1,2.8,26.1,16,74.8,14.9,5
732147,19.6,0.3,1.5,23.7,15.5,74.1,189.9,4.8
732148,19.5,0.7,1.8,24.9,14.2,79.3,21.5,5.3
732149,20.1,0.4,2.1,25.1,15,75.1,27.6,4.3
732150,20.4,0.1,2.2,25.3,15.7,77,40.4,3.8
732151,21.4,0,2.9,27.4,15.4,75,81.5,5.1
732152,18.6,0.6,0.7,22.3,14.7,70.6,10.3,6.2
732153,17.3,1.8,0.5,21.6,12.8,72.4,3.9,5.5
732154,15.1,3.5,0,18.6,11.4,82.3,55,5
732155,15.4,3.2,0,20.1,10.3,72.1,12.4,4.9
732156,16,2.5,0,21.9,9.9,65.9,6.4,4.1
732157,17.7,1.1,0.3,24.6,10.8,57.8,0,5.3
732158,20.2,0.1,1.7,27.7,12.5,56.1,6.4,4.1
732159,21.3,0,2.9,27.5,15,61.8,20.5,3.6
732160,20.3,0.1,1.8,25.5,14.7,67.2,39.2,4.3
732161,20,0,1.6,26.4,13.6,65.3,1.8,3.9
732162,20.5,0,2,27.1,13.8,63.2,3.3,3.6
732163,21.2,0,2.9,28,14.5,62,6.2,3.8
732164,22.8,0,4.4,29.5,16.2,57.3,0,5.8
732165,22.9,0,4.5,28.9,16.8,58.6,2.6,5.9
732166,22.5,0,4,28.5,16.4,59,6.7,6.2
732167,22.5,0,4.1,28.8,16.3,54.2,14,7.3
732168,22.7,0,4.2,29.2,16,51.1,2.7,7.3
732169,22.8,0,4.3,28.9,16.4,54.3,45.4,7.7
732170,21.6,0,3.1,26.4,16.6,69.3,59.4,4.5
732171,22.1,0,3.6,29,15.2,66.6,27.7,5.3
732172,18.1,0.7,0.4,21.4,14.9,80,164.9,8.8
732173,17.5,1.1,0.2,21.1,14,81.8,62.2,6.7
732174,18.9,0.4,0.9,23.3,14.4,74.3,10,5.2
732175,19.5,0.2,1.2,24.5,14.4,73.4,18.1,5.7
732176,20.3,0.1,1.8,24.6,15.9,77.5,42.7,5.4
732177,21.9,0,3.4,27,16.7,70.5,39.7,6.5
732178,20.5,0.1,2.2,24.1,17.1,67.9,87.7,9.4
732179,18.2,0.8,0.5,21.9,14.4,74.9,36.8,8.1
732180,15.7,2.9,0,19,12.2,80.8,87.3,7.1
732181,14.3,4.2,0,19.1,9.5,68.6,0.5,5.4
732182,15.4,3.1,0,21.7,8.8,67.7,18.5,5.5
732183,17.5,1.1,0.1,21.4,13.5,79.8,80.5,6.6
732184,16.3,2.1,0,19.4,13.2,77.9,47.4,9
732185,15.9,2.6,0,18.8,12.8,83.9,42.5,8.4
732186,15.1,3.4,0,18.3,11.9,81.1,48.8,8.3
732187,16.2,1.8,0,20.1,12.2,79.9,36.4,5.6
732188,17,1.7,0.1,21.1,12.5,79.3,35,5.3
732189,15.2,3.2,0,18.5,12,82.8,43.2,8
732190,14.2,4.3,0,17.8,10.7,78.5,113.1,8.6
732191,14,4.4,0,19.2,8.8,71.3,60.9,5.7
732192,15.3,3.2,0,22.9,7.7,65.7,0,4
732193,18.2,0.8,0.4,25.8,10.4,67.2,6.4,3.7
732194,19.5,0.1,1.1,25.9,13,68.6,1.3,3.2
732195,18.5,0.3,0.8,25,11.9,66,140.9,4.2
732196,18.4,0.3,0.3,25.2,11.6,66.8,6.4,4.6
732197,17.9,0.9,0.3,24.2,11.4,67.8,0,5.3
732198,15.9,2.6,0.1,21.7,10.1,64.1,0,5.5
732199,14,4.4,0,20.8,7.2,56.1,0,5.3
732200,16,2.6,0.1,24.1,7.6,51.6,8.7,6.6
732201,18.7,0.5,0.8,23.1,14.3,73.6,9.4,7
732202,15.3,3.2,0,18.6,11.8,71.9,24.9,9.7
732203,15.3,3.2,0,19.9,10.5,69.7,31.2,8.7
732204,16.8,1.8,0.1,20.9,12.7,69.5,2.5,9.1
732205,14.2,4.3,0,17.8,10.4,71.5,7.1,9.5
732206,12.1,6.4,0,16.9,7.2,69.4,5.1,4.9
732207,12.9,5.7,0,19.4,6,61.5,1,5.4
732208,15.4,3.1,0,22.2,8.6,61.7,2,5.9
732209,14.6,3.9,0,19.2,10,77.2,5.4,5.5
732210,13.4,5.1,0,16.7,9.8,75.3,4,9.1
732211,13.1,5.5,0,15.6,10.3,72.4,25.2,14.7
732212,11.2,7.3,0,13.2,9,77.4,57.8,12.4
732213,11.5,6.9,0,13.9,9.1,88.5,118.1,10.6
732214,11.6,7,0,13.9,8.9,82.5,77.6,9.6
732215,10.9,7.4,0,13.1,8.7,84.2,23.4,7.7
732216,11.2,7.3,0,13.4,8.6,87,14.2,6.3
732217,12.5,5.9,0,15.2,9.7,85.5,31.7,7.2
732218,13.6,4.9,0,16.3,10.8,87.6,6.1,6.6
732219,12.8,5.8,0,15.6,9.7,86.8,67.8,7.6
732220,11.8,6.7,0,15.7,7.7,82.3,50.8,4.1
732221,12,6.5,0,15.7,8,85.6,11,4.2
732222,12.8,5.7,0,16.3,9.2,84.3,4.6,5.4
732223,12.9,5.6,0,17.1,8.5,79.3,2.3,5.1
732224,14.5,4.1,0,20,8.7,75.7,6.7,6.8
732225,17.1,1.6,0.2,21.9,12,74.9,2.8,6.9
732226,14.2,4.2,0,17.9,10.6,81.1,38.7,6.4
732227,12.1,6.3,0,15.8,8.5,77.7,31.8,6.6
732228,10.2,8.3,0,13.3,6.9,87.7,110.3,3.9
732229,9,9.5,0,12.6,5.3,81.6,26.5,4.2
732230,7.5,10.9,0,11.3,3.5,78.3,30.2,6.8
732231,6.6,11.8,0,10.5,2.7,71.6,16,9.4
732232,5.5,13,0,10.3,0.7,68.4,1.1,9.2
732233,7.8,10.7,0,13,2.5,75.9,3.3,6.4
732234,8.8,9.6,0,12.9,4.8,81.7,5.7,6.5
732235,8.3,10.2,0,11.2,5.4,87.8,47.7,6
732236,7.4,11.1,0,10.2,4.3,84.6,50.5,5.5
732237,6.9,11.6,0,9.8,3.9,86.6,13.4,7.8
732238,8.5,9.9,0,11.3,5.6,83.1,77.2,10.3
732239,7.7,10.8,0,12.5,2.8,86.2,20,4.5
732240,9.7,8.7,0,14.3,5,87.6,37.8,7.3
732241,12.7,5.8,0,17,8.2,74.8,53.5,9.3
732242,11.5,7.1,0,16.1,6.6,75.7,1.3,7.8
732243,13.8,4.6,0,17.5,10.2,79.8,2.6,9.7
732244,15.7,2.8,0,19.4,11.9,76.2,12.3,7.8
732245,14,4.5,0,17.4,10.3,75.5,32.9,8.8
732246,10.1,8.2,0,12.5,7.5,85.5,26.6,4.6
732247,8.5,10,0,11.4,5.3,87.3,21.4,5.1
732248,10.2,8.3,0,12.4,8,90.6,22.6,5.4
732249,10.9,7.5,0,14.1,7.8,92.2,26.2,4.2
732250,10,7.8,0,11.9,8,92.5,110.9,4
732251,9,9.1,0,11.2,6.9,90.7,17.8,4.4
732252,8.4,10,0,11,5.8,87.8,1.5,5.4
732253,8.8,9.8,0,10.6,6.7,89.4,3,6.7
732254,10,8.5,0,12.7,7.3,90.7,2.1,4.2
732255,10.2,8.3,0,12.5,7.9,93,11.4,4.2
732256,8.2,10.2,0,10.9,5.5,82.3,22.8,8.6
732257,6.3,12.2,0,8.6,4,85.5,10.8,7.8
732258,5.1,13.4,0,7.6,2.4,86.9,34.3,5.1
732259,3.3,15.1,0,6.3,0.3,88.9,32.4,4.1
732260,1.9,16.4,0,3.9,-0.5,92.2,15.3,6.6
732261,2.8,15.7,0,4.5,0.8,90.4,144,5.6
732262,2.5,15.9,0,4.5,0.3,90.8,1.1,3.7
732263,3.4,14.7,0,5.4,1.3,91.8,0.2,7.4
732264,3.2,15.2,0,5.8,0.6,86.4,36.1,8.4
732265,2.5,16.1,0,5.4,-0.7,87.7,7.5,5.2
732266,2.6,15.8,0,5,0.1,91.9,12.2,6.8
732267,5.1,13.5,0,7.1,2.7,91.5,8.5,6.9
732268,7.8,10.8,0,9.9,5.3,89.5,35.8,11.5
732269,6.9,11.5,0,9.7,4,81.8,93.1,13.6
732270,2.6,15.9,0,5.1,-0.1,86.6,174.6,10
732271,1,17.3,0,2.4,-0.4,84.7,4.1,10.5
732272,1.2,17.2,0,4,-1.6,85.2,2.3,7.1
732273,5.7,12.7,0,9.8,1.5,89.8,44.1,12.3
732274,5,13.6,0,8.7,1,81.2,34.5,10.3
732275,0.3,18,0,3.7,-2.9,88.6,6.9,4
732276,0.7,17.7,0,4.1,-2.8,82.7,2.6,4.6
732277,0.9,17.5,0,3.7,-2.1,89.1,6.1,6.8
732278,5.3,13.3,0,7.6,2.7,91.6,9.8,6.5
732279,5.2,13.3,0,6.8,3.3,91.9,1.9,4.4
732280,4.6,13.8,0,6.6,2.6,94.2,26,3.1
732281,3.4,15.2,0,5.4,1,91.2,3.8,5.7
732282,2.9,15.6,0,4.4,1,92.7,3.9,4.4
732283,2.4,16,0,4.1,0.5,93.6,5.2,4.4
732284,2.8,15.7,0,4.7,0.7,93.7,26.7,4.3
732285,2.3,15.9,0,4,0.7,94.5,4.2,5.8
732286,2.7,15.6,0,4.7,0.7,93.4,6,6.5
732287,4.4,13.9,0,6.1,2.5,89.8,0.3,6.2
732288,3.6,14.5,0,4.8,2.2,88.5,3.1,5.7
732289,2.4,16,0,4.4,0.5,90.7,1.4,4.6
732290,0.5,18.2,0,2.6,-2.1,90.4,9.5,5
732291,-1,19.2,0,2,-3.9,90.6,0.3,3.9
732292,-1.2,19.6,0,0.9,-3.5,95.1,3,3.8
732293,0.1,17.7,0,1.4,-1.1,95.6,3,3.4
732294,-1.1,19.2,0,0.4,-2.5,94.5,1.5,4.2
732295,-1.3,19.8,0,0.7,-3.6,92.3,3.4,5.2
732296,0.4,18,0,3.4,-2.7,84.7,3.2,6.5
732297,1.7,16.8,0,4.3,-1.2,85.9,0.4,7.7
732298,3.6,14.9,0,5.7,1.4,88,22.4,9.8
732299,2.6,15.9,0,4.3,0.7,84.2,65.8,11.3
732300,-0.2,18.7,0,2.3,-2.9,88.2,18.2,6.2
732301,-2.2,20.5,0,1,-5.6,85,21.8,5.9
732302,-3.9,22.4,0,-0.5,-7.5,85.5,1.3,4.1
732303,-2.2,20.5,0,1,-5.4,89.4,1.4,10.4
732304,4.2,14.3,0,7.4,0.7,89.9,21.3,13.4
732305,6.3,12,0,8.1,4.4,83.3,50.5,12.8
732306,4.4,14,0,7.9,0.8,85.7,14.6,8.2
732307,0.6,17.8,0,2.3,-1.2,96,21.6,4.7
732308,-0.2,18.4,0,1,-1.3,94.1,46.7,6
732309,0.2,18.3,0,1.7,-1.5,88.8,33.3,8.1
732310,1.5,17.1,0,3,-0.3,92.1,5.4,6.1
732311,1.7,16.8,0,3.7,-0.5,90.4,2.2,8.7
732312,3.8,14.7,0,5.5,2,92.1,3.7,7.4
732313,4.7,13.8,0,6.7,2.4,90.3,50.6,7.4
732314,4.4,13.3,0,7,1.7,76.7,22.1,14.4
732315,4,14.5,0,5.6,2.2,83.8,36.6,13.7
732316,5.7,12.7,0,7.5,3.6,78.1,69,13.8
732317,4.1,14.1,0,5.9,2.5,86.1,17.1,9.1
732318,5.7,12.7,0,7.7,3.5,83.5,71,11
732319,7.4,11.1,0,9.8,4.8,81,14.2,13.1
732320,7.6,11.1,0,11,3.7,68.2,2.2,15.7
732321,6.1,12.3,0,8.6,3.4,76.2,2.8,11.5
732322,8.3,10.1,0,11.8,4.8,80.8,6.9,10.3
732323,6.7,11.8,0,9,4.3,84.1,4.6,8.3
732324,6.5,12.1,0,8.9,3.8,81.7,5.7,9.3
732325,3.9,14.6,0,6.1,1.5,82,7.7,10.1
732326,2.1,16.2,0,4.7,-0.5,87,12.3,6.5
732327,-0.3,18.8,0,2.4,-3.1,89.8,8.3,3.9
732328,-0.2,18.7,0,3.5,-4.2,81,3.7,5.4
732329,1.6,16.8,0,4.6,-1.4,85.6,2.7,7.9
732330,2.9,15.6,0,5.4,0.2,86.9,51,9.6
732331,2.6,15.9,0,4.5,0.5,85.2,78.6,10.2
732332,5.4,13.2,0,7.9,2.4,85,79.4,17.5
732333,3.7,14.7,0,6.1,1.4,80.3,168.3,15.1
732334,2.1,16.4,0,4.1,0,84,46.3,9.4
732335,0.4,18,0,2.5,-1.8,85.7,7.2,8.2
732336,-1.3,19.9,0,0.1,-2.9,84.2,38.9,9
732337,-2.5,20.5,0,-1.1,-4.1,84.3,27.3,7.4
732338,-3.5,22.1,0,-1.6,-5.8,83.3,0.5,7.6
732339,-4.1,22.6,0,-2.3,-6.1,87.5,0.9,4.3
732340,-4.1,22.6,0,-2,-6.6,91.9,21,3
732341,-5.5,24,0,-2.4,-8.8,89.5,0.4,3.7
732342,-2,20.4,0,0.6,-4.7,88.8,7.2,7
732343,1.9,16.5,0,4.3,-0.4,90.3,11.4,11.3
732344,2.1,16.4,0,4,0,81.9,50,8.7
732345,2.5,16,0,4.1,0.6,92.1,3.1,8.6
732346,3.1,15.3,0,4.8,1.4,88.6,18,5.6
732347,2.1,16.4,0,4.6,-0.5,85.7,2.8,4.3
732348,-0.5,19.1,0,2.9,-4.2,73.3,1,6.7
732349,-2.4,20.9,0,1.2,-6.2,76.4,1.1,6
732350,-3,21.4,0,1,-7,73.1,8.1,5.6
732351,-2.4,20.8,0,1.9,-6.9,77.4,2.5,4.3
732352,-0.3,18.8,0,4.3,-5,83,4.4,5.4
732353,3.3,15,0,6.1,0.6,85.7,10.4,10.7
732354,4.5,13.9,0,6.5,2.4,90.6,126.9,6.3
732355,6.1,12.4,0,10.1,2.1,88.7,57.9,14.7
732356,1.9,16.4,0,4.4,-0.6,83.4,148.9,14.4
732357,0.7,17.8,0,2.5,-1.4,82.5,89.8,9.9
732358,-1.1,19.4,0,0.5,-2.6,87,48.7,9.4
732359,-1.4,19.8,0,-0.4,-2.7,84,17.5,8.5
732360,-1.8,19.7,0,-0.4,-3.5,83.7,1.3,4.8
732361,-2.2,20.8,0,-0.5,-4.2,80.7,0.3,6.8
732362,-0.6,19,0,1.5,-2.6,91.1,15.2,6.1
732363,0.1,18.5,0,2.1,-2.4,89.7,26.8,4.4
732364,-0.7,19.1,0,1.4,-2.8,86.7,3.1,7.2
732365,-2.3,20.8,0,-0.7,-4.1,83.6,20.4,9.7
732366,-2.8,21.3,0.1,0.3,-5.9,90.8,23.5,6.4
732367,-3.4,21.7,0,-0.2,-6.5,85.9,22.9,4.3
732368,-2.8,21.3,0,0.4,-6.2,88.6,2.3,3.7
732369,-1.7,19.7,0,0.5,-4,86.2,0.4,5.2
732370,-5.6,24.1,0,-2.7,-8.8,74.4,15.3,9.5
732371,-7.6,26.1,0,-2.5,-12.8,73.2,1.5,7
732372,-5.8,24.3,0,-2.4,-9.5,72.3,9.7,8.6
732373,-4.1,22.7,0,-0.2,-8.3,69.8,18.5,5.7
732374,-4.2,22.6,0,0.5,-8.8,74.2,4.9,5.4
732375,-4.8,23.2,0,-0.4,-9.4,79,0.6,4
732376,-3.7,22.1,0,-0.2,-7.2,79,2.7,5.9
732377,-4.1,22.6,0,-1.1,-7.3,79.1,4.1,7
732378,-2.7,21.2,0,1.4,-6.8,85.1,1.5,7.5
732379,1.6,16.8,0,3.3,-0.4,88.4,6.8,8.3
732380,1.1,17.4,0,3.4,-1.4,86.5,6,6.9
732381,-1.2,19.6,0,3.1,-5.6,73.2,2.4,5
732382,0.9,17.6,0,4,-2.4,82.6,46.9,14
732383,1.7,16.7,0,3.5,-0.1,84.3,23.8,12.7
732384,1.7,16.8,0,4.8,-1.5,78.5,39.9,8.5
732385,2.8,15.7,0,6.4,-0.9,71.2,0.2,6.6
732386,5.4,13.1,0,10.2,0.4,69.7,2.6,7.4
732387,10.7,7.7,0,16.3,5,65.6,1.6,10
732388,11.3,7.2,0,15,7.4,72.5,1.7,12.6
732389,10.8,7.6,0,14.8,6.8,79.4,8.5,10.7
732390,5.7,12.3,0,9.7,1.6,82,38.1,7.1
732391,3.6,14.8,0,7.6,-0.6,69.4,1.7,5.8
732392,4.8,13.7,0,10.8,-1.1,59.6,0,6.8
732393,7.4,11.2,0,13.9,0.6,56.8,1.1,7.1
732394,9.8,8.7,0,14.3,5,81,18.8,4.4
732395,10.1,8,0,16.1,3.9,80.4,11.9,4.9
732396,9.9,8.7,0,13.6,5.9,86,14.8,4.5
732397,9.4,9,0,12.9,5.8,88,42.9,4.4
732398,9,9.5,0,12.5,5.3,87.6,18.2,6.5
732399,8.7,9.8,0,11.5,5.7,84.3,14.6,6
732400,8.7,9.8,0,12.7,4.6,79.8,129.4,6.5
732401,8.4,10.1,0,11.9,4.7,72.4,41.7,8.7
732402,7.2,11.3,0,12.1,1.9,61.9,43,7.1
732403,6.9,11.6,0,13.5,0.1,51.5,0,6.7
732404,8.6,9.9,0,16.2,0.8,45.4,0,6.9
732405,11,7.5,0,19.1,2.7,42.3,0,5.3
732406,11.6,6.9,0,19.5,3.4,48.1,1.6,5.1
732407,9,9.5,0,13.8,4.1,69.5,8.8,6.8
732408,9.2,9.2,0,15,3.5,66.4,17.1,7.8
732409,10,8.5,0,13.3,6.6,72,100.8,10.7
732410,7.2,11.2,0,10.3,4.1,78.4,142.4,7.1
732411,3.9,14.6,0,6.4,1.1,78.2,38,7.6
732412,4.7,13.8,0,8.8,0.5,81.4,19,6.4
732413,8.3,10.2,0,13.1,3.3,74.1,14.9,5.9
732414,9.2,9.4,0,14.3,3.9,72.3,2.2,4.5
732415,10.5,8.1,0,14.8,6,72.9,0.5,4
732416,11.9,6.6,0,17.1,6.5,66.9,0.2,4.4
732417,13.6,4.8,0,20.1,7.2,61.7,263.5,6
732418,12.6,5.9,0,18.3,6.7,67.6,3.9,8.5
732419,11.6,6.9,0,15.8,7.2,76.7,7.2,8
732420,10.8,7.6,0,15,6.6,81.8,39.9,6.3
732421,9,9.5,0,12,6,79.9,90.3,8
732422,6.7,11.8,0,10.2,2.9,66,64.2,8.8
732423,4.9,13.6,0,10.2,-0.7,54.7,36.1,4.6
732424,6.3,12.2,0,12.9,-0.4,58.3,6.4,3.9
732425,8.1,10.4,0,15,1.1,57.3,0.3,5.6
732426,9.9,8.1,0,14.9,4.6,63.7,4.8,7.2
732427,9.1,9.2,0,12.3,6,74.8,61.3,8.1
732428,10.6,8,0,14.8,6.3,72.5,73.8,6.4
732429,9.7,8.8,0,13.8,5.5,80.7,92.9,7.6
732430,10.7,7.7,0,16.6,4.7,66.7,40.5,5.3
732431,11.9,6.5,0,17,6.8,74.1,8,4.5
732432,14.4,4.2,0,20.4,8.2,73.4,1.3,3.3
732433,17.9,1.1,0.5,24.7,10.9,64.8,2,4.4
732434,19.7,0.5,1.6,26.4,12.6,59.1,188.9,6
732435,15.9,2.7,0,20,11.6,79.9,46.8,5.4
732436,12.8,5.8,0,15.8,9.5,82.9,51.4,7.1
732437,10,8.4,0,13.8,6.2,71.3,30,8.5
732438,9.2,9.3,0,12.2,6,81.4,28.7,9.5
732439,7.5,11,0,10.5,4.4,83.8,84.6,8.2
732440,7.1,10.9,0,10.6,3.3,75.9,185.6,8.8
732441,7.5,11.1,0,11.4,3.2,77.1,22.8,7.5
732442,7.2,11.2,0,11.5,3,74.6,14.9,6.8
732443,7.6,10.8,0,12.2,3,72.5,60.8,6.8
732444,8.3,10.2,0,13.8,2.6,67.5,50.8,5.8
732445,10.2,8.2,0,16.4,3.8,61.3,0.3,5.8
732446,11.4,7.2,0,15.3,7.1,77,19.4,6.2
732447,10.2,8.3,0,13.9,6.3,78.5,135.9,7.4
732448,9.9,8.6,0,15.1,4.5,72.3,22.9,5.7
732449,8.4,10.1,0,11.9,4.6,78.4,48.7,5.1
732450,7.8,10.7,0,12.1,3.4,70.4,9.5,5.8
732451,9.9,8.6,0,16.6,3,59,1.1,5.2
732452,13.9,4.5,0,20.3,7.7,63.3,4.9,6
732453,16.2,2.4,0.1,20.5,11.6,72.6,20.4,6
732454,16,2.5,0,20.2,11.6,76.5,47,5.1
732455,13.2,5.3,0,17,9.2,80.7,45.9,5.6
732456,13.1,5.4,0,18.6,7.5,64.6,40.2,5.5
732457,16.6,1.9,0,22.4,10.6,63.5,1.3,5.3
732458,19.9,0.2,1.4,27.2,12.1,56.9,1.1,5.2
732459,21.3,0.1,2.9,28.5,13.9,57.6,1.3,3.8
732460,23.3,0,4.8,30.9,15.5,55,1,5.5
732461,20.4,0.7,2.6,25.6,15,60.6,1.9,5.4
732462,14.4,4.5,0.4,19,9.6,82.9,55.4,6.7
732463,11.5,7,0,15.7,7.2,70.3,31.2,8.1
732464,11.3,7.2,0,15.8,6.5,64,8.5,5.6
732465,12.9,5.5,0,18.7,7.2,71.9,5,5.2
732466,18.9,0.3,0.6,25.6,11.8,63.5,4.2,5.8
732467,15.6,3,0.1,18.7,12.3,70.9,9.4,10.8
732468,13.6,4.8,0,16.7,10.5,76.2,1.9,9
732469,11.3,7.2,0,14.5,8,74.4,57.2,8
732470,10,8.6,0,13.6,5.9,66.6,11.1,9.1
732471,10,8.3,0,14.8,5.3,64.7,2.8,5.7
732472,11.5,7,0,17.1,5.8,61.3,1.2,5.2
732473,12.1,6.4,0,16.9,7,69.7,1,6.4
732474,10.6,7.9,0,13.8,7.2,70.1,11.5,7.3
732475,11.2,7.2,0,15.1,7.1,70,8.8,5.5
732476,13.3,5.2,0,18.6,7.9,67.6,11,7.2
732477,15.9,2.6,0.1,22.4,9.3,68.1,13.3,4.7
732478,17.7,1.1,0.4,23.8,11.7,64.1,18.7,4.2
732479,18.7,0.4,0.7,23.4,13.6,65.5,0.7,5.4
732480,18.6,0.6,0.6,21.9,14.9,78,4.6,7.3
732481,18,1.3,0.8,22.8,13.1,59.3,2.3,6.8
732482,18.5,0.9,0.8,25.8,11,54.7,1.3,4.4
732483,21.3,0,2.8,28.3,14.1,54.7,0,4.6
732484,21.8,0,3.4,28.7,14.7,57.2,2.1,5
732485,19.3,0.5,1.4,24.5,14,62.3,95.4,5.7
732486,20.6,0.1,2.1,27.8,12.9,56.1,0,3.8
732487,23.7,0,5.1,30.2,17,57.4,3.6,4.2
732488,21.4,0.4,3.4,26.7,16.1,73.9,2,6.5
732489,18.8,1,1.3,23.3,14,70.3,12.9,4.5
732490,19,1.2,1.7,25.1,12.7,62,7.6,4.4
732491,18.8,1.5,1.8,25,12.4,60.5,1.1,5.3
732492,18.5,1.1,1.1,24.1,12.8,70.4,72,4.6
732493,18,1,0.5,21.8,14.3,75.2,93,5.8
732494,16.2,2.3,0,19.5,12.6,83.9,52.9,6.1
732495,17.7,0.9,0.2,22.2,13,74.9,10.5,4.4
732496,20.2,0,1.8,25,15.3,68.9,0.6,3.7
732497,21.4,0.1,3,27.9,14.8,62.2,5.4,8.4
732498,14.3,4.2,0,18.6,9.9,77.9,108.1,5.7
732499,14.3,4.3,0,19.1,9.1,76.4,91.9,5.4
732500,15,3.5,0,18.3,11.7,80.7,94.8,5.5
732501,14.6,4,0.1,18.4,10.7,81.8,45.5,3.6
732502,16.6,2.2,0.4,22.1,11.1,74.4,101.2,4.2
732503,19.6,0.4,1.6,25.1,14.1,70.3,11.5,6.5
732504,20.1,0.2,1.8,25.3,14.8,64.4,25.6,6.8
732505,21.1,0.1,2.7,27.3,14.8,61.1,10.7,5.2
732506,21.2,0,2.6,27.3,14.7,60.7,1.9,4.4
732507,21.3,0,2.8,27.6,14.9,62.7,8.7,3.4
732508,22.1,0,3.7,28.9,15.4,60.7,12.8,6.6
732509,19.6,0.5,1.7,24,15.1,65.9,0.5,6.2
732510,18.8,0.8,1.1,24,13.5,62.2,1.3,5.5
732511,20.6,0,2.1,27.4,13.5,63.1,19.2,4.3
732512,18.5,0.5,0.5,21.3,15.6,71,44.6,9.3
732513,16.3,2.3,0,19.9,12.4,68.2,20.8,10.9
732514,14.7,3.8,0,18,11.1,79.1,48.9,12.1
732515,14.8,3.7,0,17.4,12,81.1,299.5,8.4
732516,15.2,3.2,0,18.3,12.1,76.1,19.6,6.8
732517,17.2,1.4,0.1,22.1,12.2,70.7,6.3,5.4
732518,18.8,0.5,1,22.4,15.3,80.2,54.4,6.4
732519,17.9,1.2,0.6,21.3,14.5,76.2,54.4,5.9
732520,19.9,0.8,2.2,26.3,13.4,69.4,3.2,4
732521,24.1,0,5.7,30.6,17.3,67.6,40,4.5
732522,23.5,0,5,28.7,18.2,76.5,35,5
732523,19.4,0.4,1.4,23.1,15.8,76.7,200,7.5
732524,17.4,1.5,0.4,21.4,13.4,72.6,7,8.5
732525,16.9,1.7,0.1,20.9,12.7,69.8,6.3,6.4
732526,16.1,2.6,0.2,20.1,11.9,74.3,53.4,4.9
732527,15.3,3.2,0.1,19.5,11.1,80.5,51.3,5.1
732528,15.3,3.2,0,19.5,10.9,70.7,43.9,7.2
732529,15.1,3.4,0,20.4,9.6,73.5,1.1,6
732530,14,4.6,0,17.9,9.9,75.9,83.2,7.8
732531,12.1,6.4,0,15.8,8.4,80.1,54,6.4
732532,13.1,5.4,0,17.4,8.5,80.1,64.1,6.1
732533,13.7,4.9,0,17.7,9.5,74.2,3,7.5
732534,13.6,4.9,0,17.5,9.5,76.1,6.2,8.7
732535,15.1,3.5,0,18.9,10.9,74.4,52.1,8.3
732536,16.2,2.3,0,20.9,11.5,75.2,14.6,5.7
732537,14.6,3.8,0,18.8,10.3,73.9,34.6,6.1
732538,14.5,4,0,17.9,11,84.7,2.2,5.9
732539,14.9,3.6,0,18.6,11,84.4,517,5.7
732540,15.4,3.2,0,19.7,10.8,80.4,48,4.9
732541,16.1,2.6,0.1,21.8,9.9,74.8,0.3,4.4
732542,18.7,0.3,0.6,25.3,12,67.3,1.1,6
732543,20.4,0.1,1.9,26.3,14.1,67.5,5.3,5.7
732544,17.5,1,0.7,20.8,14.5,83.3,28.4,4.1
732545,18.4,1.2,1,21.7,14.8,84.3,10.7,5.4
732546,18.6,0.9,0.9,21.9,15.2,80.6,85.2,6
732547,16.4,2.2,0.1,19.9,12.8,86.3,31,5.7
732548,16.7,1.8,0.1,21,12.5,75.1,52,4.9
732549,15.9,2.6,0,18.7,12.9,82.3,21.2,7.8
732550,14.1,4.4,0,18.4,9.8,70.8,38.8,8.2
732551,14.5,3.9,0,20.1,8.8,69.4,1.7,4.6
732552,16.7,2.1,0.2,22.3,10.8,66.3,1.9,4.1
732553,18.9,0.2,0.6,26.1,11.6,62.1,1.3,4.7
732554,19,0.3,0.8,25.7,12.1,66.4,1.3,3.8
732555,20.4,0.1,2,27.1,13.5,64.6,0,6.2
732556,21.6,0,3.2,28.2,15,64.2,1.7,6.1
732557,19.5,0.2,1.2,23.8,15.1,75.8,3.4,4.5
732558,17.7,1.3,0.5,21.8,13.4,73.4,0.9,5.2
732559,17.5,1.4,0.3,23.7,10.9,66.5,0,4.8
732560,18.3,0.6,0.4,25.5,11.1,61.3,0,5.5
732561,19.2,0.2,1,26.9,11.6,61.2,0.3,4.2
732562,20.2,0.1,1.8,27.4,12.7,62.9,0,4.1
732563,21.1,0,2.6,28.1,13.9,62.9,3,4.4
732564,20.3,0.1,1.8,26.2,14,70.1,0.8,4.3
732565,19.7,0.2,1.4,23.5,15.8,80.6,31.5,5.2
732566,16.9,1.2,0.1,18.6,14.9,91.1,69.8,5
732567,15.9,2.5,0,18.4,13.4,87.7,266.6,5.9
732568,15,3.5,0,19.2,10.8,78.5,75.4,3.6
732569,14.8,3.6,0,19.5,10,79.7,0.4,8
732570,16.7,1.9,0.1,19.7,13.5,81.1,5.5,7.5
732571,12.5,6.1,0,16.7,8.1,84.7,136,7.7
732572,9.8,8.7,0,14,5.2,76,100.5,5.2
732573,10.3,8.2,0,15.7,4.8,71,7.2,5
732574,11.7,6.8,0,17.5,5.7,68.7,4,4.4
732575,11.6,6.9,0,18.2,4.9,69.8,0,3.2
732576,12,6.5,0,18.6,5.2,72.6,5.5,3.7
732577,13.3,5.1,0,19.9,6.6,71.7,0,4.2
732578,14.3,4.2,0,21.5,6.9,72.5,1.3,4.2
732579,14.9,3.5,0,21.4,8.5,76.6,1.2,3.3
732580,15.6,2.8,0,22.1,9.1,76.3,1.4,3.8
732581,14.3,4.1,0,18.6,10.1,83.3,2.9,4.8
732582,14.6,3.9,0,18.2,10.9,81.5,81.6,5.8
732583,13.1,5.3,0,16.8,9.5,81.1,23.8,6.4
732584,11.3,7.2,0,14.4,8,83.5,29.8,8
732585,10.6,7.9,0,14.4,6.6,78.3,52.4,6.3
732586,10.7,7.9,0,13.2,7.9,88.4,14.4,6.7
732587,10.4,8.1,0,13.3,7.3,89.4,106.2,4.1
732588,10.3,8.2,0,13.9,6.6,89.1,46.1,4.6
732589,12.6,5.9,0,16.7,8.4,84.4,18,7.1
732590,13.9,4.6,0,17.9,9.7,84.7,2.2,6.6
732591,14.2,4.3,0,19,9.2,83.6,0.3,5.7
732592,13.5,4.8,0,19,8.2,78.7,0,6.3
732593,13.5,5,0,19,7.7,80,0.4,4.8
732594,13,5.5,0,18,7.8,82.9,2,4
732595,13.3,5.2,0,18.6,8,83.1,5.1,4.9
732596,12.9,5.6,0,18.4,7.2,74.7,0,6.1
732597,12.8,5.8,0,18.5,6.8,73.8,0,5.7
732598,11.4,7.1,0,17.9,4.9,77.6,0,3.7
732599,10.8,7.8,0,17.3,4,80.8,1,2.5
732600,10.1,8.4,0,15.9,4,79.5,0,4.3
732601,8.4,10.1,0,13.6,3.1,75.4,1.1,5.6
732602,7.9,10.6,0,12.5,3,75.6,59,6.9
732603,7.4,11.2,0,11.9,2.6,75.7,0,7.2
732604,6.9,11.7,0,11.6,1.7,77.1,14,6.1
732605,10.3,8.2,0,14.8,5.5,84.2,3.6,5.9
732606,11.3,7.1,0,15.3,7,87.2,34.3,6.1
732607,12.9,4.9,0,15.9,9.7,82.7,13.1,9.1
732608,11.1,7.4,0,14.5,7.7,85.8,149.9,6.7
732609,10.1,8.4,0,13.7,6.3,88.8,25.9,6.1
732610,12.9,5.6,0,16.1,9.6,80,62.2,11.3
732611,13.2,5.4,0,16.7,9.4,77.9,39.6,8.9
732612,13.9,4.6,0,19.3,8.2,85.9,0.2,4.5
732613,13.4,5,0,18.8,7.9,81.2,6.4,5.9
732614,12.1,6.4,0,16.9,7.3,82.9,0.3,5.3
732615,12.3,6.2,0,17.6,7,81.2,0.3,5.2
732616,10.8,7.6,0,15.3,6.3,79.4,0.8,6.3
732617,9.4,9.1,0,12.7,6,86.2,15.6,5.9
732618,9,9.5,0,13.2,4.7,89.4,35.5,6.3
732619,13.5,5.1,0,16.8,9.9,84.6,28.7,7.8
732620,11.5,7,0,13.9,9,88.2,40.6,5.3
732621,8.6,10,0,11.3,5.5,86.2,77.2,7
732622,8.3,10.1,0,11.5,4.8,85.6,14.4,6.2
732623,7.3,11,0,10.4,4.2,88.1,24.7,6
732624,8.9,9.5,0,13.2,4.4,85.7,3.3,5.6
732625,7.9,10.7,0,12.2,3.2,84.2,1.6,4.7
732626,7.3,11.1,0,10,4.5,88.1,1.7,5.8
732627,8.9,9.5,0,11.1,6.7,89,4.8,7.7
732628,7.6,11,0,10.8,4.2,83.4,0.4,6.2
732629,6.9,11.6,0,10.1,3.5,88.7,0.8,3.7
732630,5,13.6,0,7.1,2.6,90.2,0.3,5.8
732631,4.9,13.6,0,7,2.8,88.9,13.3,8.5
732632,3.8,14.6,0,6.3,1.4,89.9,89.2,7.2
732633,2.7,15.8,0,4.9,0.4,88.8,95,6.7
732634,1.8,16.8,0,4.2,-0.9,90.1,20.2,4.4
732635,0.5,18,0,3.2,-2.4,90.6,2.2,4.5
732636,2.4,16.1,0,4.5,0.1,90.8,6.5,6.8
732637,2.4,16.1,0,4.9,-0.3,91.6,20.3,5.6
732638,0.8,17.8,0,2.6,-1.4,89.3,5.2,5
732639,1.2,16.5,0,2.9,-0.6,90.9,0.4,4.7
732640,0.2,18.2,0,2.1,-1.6,90.7,11.9,7.3
732641,-0.5,18.3,0,1,-2.2,85.6,28.2,11.6
732642,-0.4,18.9,0,1.5,-2.5,79.9,32,8.8
732643,-0.4,18.9,0,1.6,-2.7,85.9,5.5,5.5
732644,-0.1,18.6,0,1.4,-1.8,91,10.6,5.4
732645,1,17.4,0,2.8,-0.9,90.4,23.7,5.2
732646,1.4,17.2,0,3.3,-0.7,88.5,1,5.9
732647,-0.3,18.8,0,2.8,-3.5,83,9.6,5.7
732648,-1.7,20.3,0,1.3,-5,83.1,12,7.6
732649,1.2,17.3,0,3.4,-1.1,86.4,10,7.5
732650,4.5,14.1,0,6.2,2.6,90.4,74.2,7.6
732651,4.6,13.9,0,6.4,2.6,90.6,62.7,6.5
732652,3.7,14.9,0,5.5,1.4,90.6,5.6,4.2
732653,3.1,15.4,0,4.6,1.5,92,6.5,5.7
732654,2.8,15.5,0,4.5,1.1,91.8,34,4.6
732655,1.3,17.1,0,3.4,-1,91.3,13.3,4.1
732656,-0.5,18.9,0,1.6,-2.5,89.6,1.6,4.7
732657,0.4,17.9,0,2.8,-2,88.9,0.6,6.1
732658,2.3,16.1,0,5,-0.3,91.5,9.1,5.5
732659,2.5,16,0,4.6,0.3,90.9,5.3,5.6
732660,3.7,14.8,0,4.9,2.4,92.5,7.3,6
732661,4.6,13.9,0,5.8,3.3,86.4,12.4,13.4
732662,3.7,14.7,0,6.7,0.7,86.2,96.7,16
732663,-0.5,19,0,1.2,-2.4,87.8,86.9,9.4
732664,-0.5,18.9,0,1.4,-2.5,88.7,27.8,9.3
732665,0.9,17.6,0,2.4,-0.8,91,49.6,8.8
732666,2.7,15.4,0,4.1,1.1,91.1,27.8,9.1
732667,1.9,16.3,0,3.5,0.1,93,29.2,5.8
732668,3.2,15.1,0,4.5,1.9,92.1,29.9,7.9
732669,4.2,14.3,0,5.4,2.7,94.5,11.8,6.9
732670,4.7,13.8,0,6.2,2.9,90.5,39.6,8.5
732671,2,16.4,0,4.5,-0.6,90.9,21.6,5.1
732672,-0.6,19,0,1.3,-2.5,91.9,1.4,5.2
732673,-2.3,20.8,0,-0.9,-4,90.9,48.2,7.6
732674,-3.2,21.6,0,-1.9,-4.7,89.2,21.5,7
732675,-3.9,22.3,0,-2.2,-5.6,90.3,16.8,8.3
732676,-4.8,23.3,0,-2.3,-7.3,85.5,33,7.2
732677,-0.9,19.4,0,3.7,-5.6,91.7,30.3,8.7
732678,2.4,16.2,0,4.2,0.3,92.2,28.2,5.2
732679,1,17.6,0,2.8,-1,94.3,2.2,3.7
732680,0.5,17.9,0,2,-0.9,93.6,17.9,3.7
732681,-0.3,18.7,0,0.9,-1.6,92.1,5.6,5.5
732682,-0.1,18.2,0,1,-1.1,89,3.2,8.7
732683,-0.8,19.1,0,0.5,-2.1,91.5,2.3,8.1
732684,-0.8,19.4,0,0.1,-2,92.7,3,7.1
732685,-2.2,20.7,0,-0.1,-4.5,88,1.4,6.4
732686,-3.7,22.2,0,-1,-6.8,88.3,0.8,4.2
732687,-3.3,21.9,0,-0.9,-6,90.7,1.2,5.7
732688,-1.1,19.6,0,1.5,-4.1,86.2,5.8,7.2
732689,-0.1,18.5,0,2.1,-2.3,94.3,21.9,4.2
732690,-1.5,19.9,0,1,-4.1,91.6,3.6,5.7
732691,-2.2,20.6,0,1.1,-5.6,87,9.4,4.6
732692,-5,23.5,0,-1.8,-8.5,87,3.5,5.1
732693,-4.6,23,0,-0.5,-8.7,83.9,2.1,5.2
732694,-1.4,19.8,0,1.6,-4.5,89.3,28.4,7.9
732695,0.9,17.2,0,2.9,-1.3,91.4,102.9,8.1
732696,0.1,18.4,0.1,2.5,-2.6,92.3,17.9,5.1
732697,2.6,15.9,0,4.9,0.1,93.3,6.5,8
732698,2,16.4,0,4.1,-0.2,89.5,61.3,9.6
732699,-3.7,22.2,0,0.7,-8.3,83,54.8,7
732700,-8.9,27.4,0,-6.2,-11.8,75.7,3.1,6.6
732701,-7.2,25.8,0,-2.6,-12.1,75.6,3,5.1
732702,-4.2,22.6,0,-1,-7.4,80.4,5.1,6.5
732703,-4.2,22.6,0,-1.7,-6.7,82.3,49.6,7.4
732704,-7,25.5,0,-3.3,-10.8,80.1,1.4,4.7
732705,-5.8,24.3,0,-1.1,-10.6,77.4,0,4.9
732706,-4,22.5,0,1.1,-9.2,75.9,6.4,4
732707,-2.7,21,0,1.5,-6.9,83.7,3.8,4.7
732708,-1.6,19.3,0,0.7,-4,89.3,8.3,5
732709,-3,21.3,0,0.3,-6.3,89.1,1.3,3.7
732710,-3.8,21.9,0,-0.8,-6.9,90.3,3.5,4
732711,-2.8,21.4,0,-0.9,-5,93.2,4.8,3.7
732712,-2.9,21.3,0,-0.5,-5.3,92.1,2.3,4.6
732713,-4.2,22.2,0,-1.4,-7.2,89.6,15.7,3.1
732714,-1.9,20.4,0,1.3,-5.2,92,2.2,5.3
732715,2.6,15.6,0,4.3,0.7,92.9,81.5,11.5
732716,3,15.5,0,4.2,1.7,88.4,109,12.6
732717,0.9,17.4,0,2.4,-0.4,86.8,61.5,13.3
732718,0.5,18,0,1.3,-0.5,90.3,62.8,9.5
732719,-0.5,19,0,2,-3.3,87.2,9.8,3.3
732720,-1.2,19.6,0,1.8,-4.1,85.6,0.3,4.2
732721,-1.3,19.7,0,2.3,-4.9,79.2,0.6,4.3
732722,-1.3,19.8,0,2.6,-5.4,84.8,0.7,5
732723,2.7,15.5,0,4.8,0.7,89.5,23.3,9.2
732724,4.6,13.9,0,6.4,2.7,91.7,109.5,6.3
732725,4.5,14,0,6.5,2.2,85.9,29.5,8.3
732726,4.4,14.1,0,6.5,2,85.6,36.1,7.1
732727,3.7,14.2,0,6.7,0.6,83.8,39.1,5.8
732728,2.3,16.1,0,4.1,0.7,89.7,3.7,6.3
732729,1.9,16.5,0,3.3,0.4,90.5,78.1,7.6
732730,0.5,17.9,0,1.5,-0.9,81.4,1.6,7.3
732731,-0.6,19,0,0.7,-2,81,0.4,4.8
732732,0.3,18.2,0,3.3,-2.8,73.8,1.1,10.6
732733,-1.1,19.6,0,0.5,-2.8,77.1,4.4,8.9
732734,-2.1,20.6,0,0.3,-4.7,80.4,1.3,6.2
732735,-3,21.4,0,1,-7,80.1,3,4.4
732736,-0.9,19.4,0,1.4,-3.4,86.9,18,8.3
732737,-0.8,19.2,0,1.1,-2.8,83.1,23.8,9.1
732738,-1.1,19.6,0,1.5,-3.9,79.5,26.2,9.3
732739,-1.1,19.6,0,1.9,-4.3,85.3,51.9,6.3
732740,-1.3,19.9,0,1.5,-4.3,84.4,72.5,5.7
732741,-1.6,20.1,0,1.8,-5.2,83.4,54.4,7.4
732742,-1.2,19.6,0,2,-4.6,87.5,31.1,7.6
732743,-1.1,19.6,0,2,-4.3,80,12,5.7
732744,-1.5,19.9,0,2.4,-5.7,82.1,20.9,7.6
732745,2.3,16.3,0,4.2,0.1,90.3,125.9,7.5
732746,2.9,15.7,0,5.3,0,84.7,66.2,8.7
732747,-1.3,19.7,0,1.5,-4.2,88.2,42.3,9.5
732748,-4.4,22.8,0,-1.7,-7.1,79.5,27.5,7.4
732749,-4.6,23.1,0,-0.2,-9.2,75.7,3.5,5.8
732750,-3.6,22,0,1.2,-8.3,72.8,3.1,5.7
732751,-1.7,20.1,0,1.4,-4.9,80.3,4.1,7
732752,0.1,18.2,0,1.6,-1.4,79.9,5.8,7.4
732753,0.3,18.1,0,2,-1.4,83.6,5.2,6.9
732754,0.3,18.1,0,2.4,-1.8,83.9,2.1,6
732755,1.7,16.8,0,5.4,-2.1,82.9,3.2,5.6
732756,2.6,15.8,0,7.2,-1.9,78.5,1.6,5.1
732757,2,16.5,0,5.6,-1.8,75.2,16.1,4.7
732758,1.3,17.1,0,4.8,-2.2,73.4,21.3,5
732759,1.1,17.3,0,6,-3.8,65.5,14.9,5.2
732760,3.4,15,0,8.3,-1.7,65,20,7.9
732761,7.1,10.8,0,10,4.3,85,51.5,7.7
732762,10.3,7.6,0,14.3,6.4,86.9,39.3,8.1
732763,13.1,5.3,0,17.2,9.1,78.3,110.2,8.8
732764,9.8,8.7,0,12.6,6.8,74.5,75.5,8.9
732765,7.3,11.2,0,9.9,4.6,78.9,31.1,9.8
732766,8.2,10.3,0,12,4.4,84.8,37.1,10
732767,11,7.6,0,13.2,8.4,78.9,134.8,12.5
732768,10.3,8.1,0,14.2,6.5,78,58.9,8.3
732769,9.6,9,0,13.3,5.7,77.2,13.7,8.7
732770,7,11.4,0,10.1,4,78.6,78.1,9.9
732771,5.3,13.3,0,8.6,1.7,75.3,40.5,7.8
732772,3.3,15.3,0,6.4,0.2,73.7,31.8,7.8
732773,4.1,14.4,0,8.7,-0.8,68.9,2.3,6.3
732774,6.3,12.1,0,11,1.5,61.8,2.7,6.4
732775,8,10.5,0,13.2,2.5,59.6,3.2,9.4
732776,6.8,11.7,0,10,3.5,66.6,0.5,8.6
732777,5,13.5,0,7.9,2.1,74,23.7,7.2
732778,3.9,14.6,0,7.5,0,71.3,27.8,6.5
732779,5.1,13.5,0,7.5,2.4,85.1,16.5,7.4
732780,6.8,11.6,0,9.9,3.8,82.7,15.9,10.6
732781,8.5,10,0,11.3,5.3,76.6,38.6,10.6
732782,8.4,10.2,0,13.9,2.7,72.5,9.7,5.8
732783,10.8,7.7,0,13.2,8.2,83.6,18.2,9.4
732784,10,8.5,0,12.9,6.9,79.5,28.6,6.9
732785,9.3,9.1,0,13.4,5.3,71.7,16.1,6.5
732786,9.7,8.7,0,14.9,4.3,67.8,11.5,4.9
732787,10.9,7.6,0,16.1,5.5,65.3,2.2,4.1
732788,12.7,5.7,0,19.1,6.3,61.3,2,4.1
732789,10.9,7.6,0,14.9,6.8,79.2,5.9,5.5
732790,10.2,8.2,0,14.4,5.9,78.9,43.2,4.1
732791,11.2,7.4,0,16.9,5.1,71.1,0.9,3.8
732792,14.2,4.3,0,21.3,6.8,64.6,6.1,4.2
732793,14.3,4.2,0,17.5,10.9,79.8,48.9,4.4
732794,11.7,6.8,0,14.3,9.1,85.3,58.2,5.7
732795,9.2,9.3,0,12.4,5.9,73.9,39.4,6.9
732796,5.8,12.1,0,8.6,2.9,79,24.5,6.4
732797,6.3,12.1,0,10.2,2.3,73.9,24,5.7
732798,8.3,10.1,0,13.9,2.5,67.3,18.2,6.3
732799,13,5.5,0,18.4,7.6,64,11,5.1
732800,15.7,2.8,0,23.3,7.9,54.5,7.7,5.7
732801,16.8,1.9,0.1,22.9,10.3,53.6,0,8.6
732802,15.9,2.6,0.1,21.9,9.8,50.2,2.1,8.6
732803,15.1,3.4,0,21.1,9,47.5,2,7.9
732804,15.2,3.3,0.1,21.4,8.8,49.4,7.7,8.7
732805,15,3.5,0,21.4,8.4,51,6.7,8.2
732806,14.7,3.8,0,20.6,8.6,58.2,19.1,7.6
732807,14,4.5,0,20.6,7.2,60.4,6.1,5.8
732808,14.6,3.9,0,22.2,6.8,50.3,6.4,4
732809,15.7,2.9,0.1,23.5,7.7,51.6,1.3,4.5
732810,14.4,4.1,0,19,9.8,74.3,23.8,5.8
732811,11.7,6.8,0,15.3,7.8,74.2,36.2,6.2
732812,12.4,6.1,0,19.1,5.4,65.4,27.7,4.7
732813,16,2.7,0,19.7,12,75.9,12.6,7
732814,14.8,3.7,0,18.9,10.5,76.7,125,4.9
732815,15,3.6,0,18.7,11,82.9,5.1,7.9
732816,13.2,5.2,0,16.2,10.2,76.4,154.1,11.4
732817,12.5,6,0,15.3,9.5,77.7,28.1,11.2
732818,13.2,5.4,0,16.4,10,73.8,69.3,9.7
732819,15.9,2.6,0.1,21.1,10.7,72.1,39.9,9.2
732820,11.3,7.1,0,14.9,7.7,70.4,62.9,10.6
732821,10.8,7.6,0,15.5,6.2,67.7,14,8.7
732822,10.4,8.1,0,13.2,7.4,80.6,37.1,8.4
732823,11.6,6.9,0,14.9,8.1,81.6,77,7.4
732824,14,4,0,16.8,11.1,84.9,110.2,7.8
732825,13.1,5.4,0,15.9,10.4,72.9,155.4,12.2
732826,10.8,7.7,0,14.1,7.4,78.5,31.7,6.7
732827,8.9,9.5,0,11.6,6.2,79.4,132,8.5
732828,9.1,9.4,0,12,6,80.8,50.4,8.5
732829,8.7,9.8,0,11.4,6,78.8,160.6,8
732830,10.5,8,0,15.6,5.3,71.4,30,5
732831,11.4,6.6,0,15.6,7.1,75.5,2.1,6.4
732832,10.9,7.1,0,13.9,8,70,30.5,8.7
732833,10.5,8,0,13.7,7.1,70.9,3.9,5.9
732834,11.5,6.9,0,16.3,6.7,72.4,0.3,5.2
732835,12.4,6.2,0,18.6,5.8,63.6,9,3.7
732836,13.9,4.6,0,20.9,7,59,0,3.8
732837,15.5,2.9,0,22.5,8.4,59.4,0,3.8
732838,17.2,1.4,0.2,24,10.3,59.1,9.6,5.1
732839,19.1,0.8,1.5,25.2,12.8,50,2.8,6.6
732840,20.4,0.2,2,27.7,12.9,49.1,0,5.7
732841,22,0,3.4,29.6,14,49,0,3.8
732842,20.9,0.4,2.9,27.5,14.4,58.7,2.3,5
732843,20.1,0.4,2,25.4,14.6,72,16.3,4.7
732844,18.2,1.7,1.4,22.3,13.8,76,14.2,5.4
732845,16.4,2.5,0.5,21,11.9,73,184.5,5.2
732846,19.3,0.4,1.2,26,12.3,63.6,1.6,4.2
732847,21.9,0,3.4,27.9,15.7,70.7,49.6,5.9
732848,20.9,0.1,2.6,25.8,16,72.8,83.1,5
732849,20.6,0.5,2.6,24.3,16.7,71.6,8,7.3
732850,17.5,1.8,0.7,20.7,13.7,67.5,8.9,8.3
732851,16.3,2.4,0.2,20.6,11.7,64.6,0.3,4.4
732852,18.9,0.6,1.1,25.6,12.1,60.9,3.5,4.1
732853,22.7,0,4.2,29.2,16.1,66.3,12.2,4.9
732854,20.9,0.1,2.6,24.9,16.8,74,338.9,7.5
732855,19,1.2,1.6,23.1,14.6,76.3,2.9,5.5
732856,16.8,2.1,0.4,20.4,12.9,74.3,29.3,4.7
732857,17.3,1.7,0.5,22,12.3,71.4,19.3,5.4
732858,17.5,1.4,0.4,22.9,12,68.4,24.4,4.7
732859,19.2,0.3,1.1,25.5,13,63.1,2.2,5.5
732860,20.4,0.2,2.1,26.4,14.2,52.5,0,7.4
732861,20.4,0,2.4,27,13.7,50.2,2.6,7
732862,22.2,0,3.8,29.6,14.8,53,0,5.4
732863,24,0,5.4,31.2,16.4,55.1,3.1,5.1
732864,22.9,0,4.3,28.1,17.3,68.5,6.5,4.8
732865,21.4,0.1,2.9,25,17.4,79.5,246.8,4.7
732866,20.3,0,1.8,24.2,16.3,78.8,164.4,4.3
732867,21.3,0,2.8,27.1,15.4,68.4,6.6,5.1
732868,21.4,0,3,26.2,16.3,64.4,30.9,5.1
732869,22.5,0.1,4.1,28.8,15.8,62.7,2.6,4.8
732870,21.4,0.4,3.4,26.9,16.1,68.4,17.9,4.7
732871,22.5,0.1,4.1,29,16,63.9,52,4.7
732872,19.2,0.6,1.3,23.6,14.4,62,0.3,8
732873,18.6,0.6,0.7,24.9,12.1,54.2,8.5,6.1
732874,18.7,0.2,0.9,24.9,12.3,49.2,2.6,6.5
732875,20.6,0.1,2.2,28.3,12.6,47.9,0,4.4
732876,22.4,0,3.9,30.4,14.2,46.8,0,4.3
732877,23.9,0,5.5,32.6,15.1,45,0,3.9
732878,25.8,0,7.3,34,17.4,45.4,3.5,4.7
732879,25,0,6.5,31.2,18.5,54.1,3.9,5.3
732880,23.9,0,5.9,30.7,17,55.7,3.6,4.8
732881,23.9,0,5.5,29,18.8,64.5,5.9,4.7
732882,23.5,0,5,29.3,17.5,60.4,38.9,4.5
732883,24,0,5.7,30.8,17.4,53.3,0,4.5
732884,25.3,0,6.7,32.3,17.9,51.8,1.1,4.3
732885,25.7,0,7.2,32.7,18.5,55,6.4,4.6
732886,23.6,0,5,28,18.8,68.2,27.7,4.2
732887,22.1,0,3.6,26.9,17.2,74,172.8,4.6
732888,23,0,4.4,28.9,16.8,63.5,11.1,4.4
732889,21.1,0,2.7,25.5,16.8,69.3,27.6,5.4
732890,19,0.3,0.9,23.2,14.7,72,40.6,7.3
732891,16.9,1.6,0.1,20.4,13.4,72.7,14.3,8.7
732892,16.2,2.3,0,20.2,12.1,74.3,51.2,4.2
732893,17.1,1.5,0.1,22,12,73.7,17.3,4.8
732894,17.3,1.3,0.3,22,12.8,78.8,114.2,6.5
732895,18.6,0.8,0.9,21.7,15.3,79.5,173.8,8.1
732896,19.6,0.2,1.3,24.2,14.7,68.1,75.9,8
732897,17.7,1,0.3,21.1,14.2,70.1,12.4,7.8
732898,16.8,1.7,0.1,20.6,12.9,72.1,19,5.3
732899,15.5,3,0,18.8,12,77.6,15,5
732900,14.4,4.2,0,17.6,10.9,79.7,94,4.5
732901,13.8,4.2,0,17.6,9.8,78.5,25,3.6
732902,13.9,4.1,0,18.5,9.4,77.9,18.2,4.2
732903,14.8,3.5,0,18.4,11.2,79.2,69.4,8.1
732904,16,2.4,0,19.1,12.9,79.6,140.7,9.4
732905,16.9,1.6,0.1,21.9,12,77.6,35.1,4.1
732906,19,0.2,0.7,25,12.9,72,16.5,3.9
732907,18.6,0.4,0.6,22.5,14.6,79,155.3,6.3
732908,19.2,0.1,1.2,25.2,13,67,41.4,4.9
732909,17.9,1,0.3,21.1,14.4,79,61.5,7.2
732910,16.5,1.9,0,19.6,13.4,79.2,57,8
732911,16.2,2.4,0,19.1,13.1,82.5,51.2,7.4
732912,16.1,2.4,0,20.6,11.3,75.8,32.3,5.2
732913,17,1.5,0,22.3,11.3,74,17.6,4.7
732914,15.7,2.8,0,18.9,12.2,81.4,77.6,4.6
732915,15.8,2.7,0,19.5,12.1,82.2,68.4,4.7
732916,15.8,2.7,0,18.8,12.6,83.8,38.4,6.9
732917,13.9,4.5,0,16.9,11.1,84.9,127.2,7.7
732918,13,5.4,0,15.8,10.1,82.6,142.6,8.9
732919,13.5,5.1,0,16.7,9.9,81.3,66.9,9.2
732920,14.3,4,0,18.7,10.1,73.7,73,7.8
732921,17.3,1.3,0.1,21.6,12.8,74.9,3.7,6.1
732922,18.9,0.4,0.9,23.8,14,72,4.1,6
732923,19.2,0.2,0.9,21.5,16.9,80.1,11.7,11.2
732924,19,0.8,1.2,21.9,15.8,70.3,91.4,11.8
732925,17.2,1.5,0.2,21.4,12.8,73.6,3.4,6.8
732926,19.6,0.2,1.4,24.6,14.4,75.3,0.6,4.6
732927,19.1,0.7,1.3,24.9,13,76.1,4.1,7.1
732928,14.6,3.9,0,18.6,10.4,67,3.8,8.1
732929,13.6,4.9,0,18.9,8.1,72.6,5.2,5.1
732930,15.7,2.8,0,22.6,8.5,69.1,2.6,5.1
732931,18.1,0.8,0.4,25.8,10.2,65.7,1.7,4.5
732932,18.9,0.5,1,26.4,11.2,65.2,0,4.2
732933,19.2,0.4,1.3,26.8,11.8,64,8.5,4.5
732934,19.1,0.3,1,26,12.2,63.2,8.5,5.6
732935,18.7,0.4,0.6,24.1,13.2,64.6,0.3,8.7
732936,19.8,0.3,1.6,24,15.3,67,0.3,7.2
732937,19,0.4,0.9,23.4,14.6,73.4,12.1,5.1
732938,17.6,1.5,0.5,20.8,14,82.8,122.2,4.5
732939,16.3,2.1,0,19.5,13.1,80.8,85.1,6.3
732940,14.7,3.7,0,20,9.3,73.7,0.8,4.7
732941,16.4,2.1,0,24,8.8,67.9,0,5.6
732942,18.6,0.7,0.8,25.6,11.3,63.6,0.2,6.2
732943,18.2,0.7,0.3,24,12,65.5,9.2,5.8
732944,18.3,0.8,0.7,24.4,12,64.9,5.4,5.1
732945,17.3,1.4,0.2,22.5,11.9,73.2,10.8,4.9
732946,16.7,1.8,0,19.6,13.5,83.3,46.9,4.7
732947,14.9,3.5,0,18.4,11.4,86.9,49.2,3.8
732948,15,3.5,0,19.9,10,82,12.7,3.7
732949,16.5,2,0,21.5,11.3,79.1,1.8,4
732950,16.9,1.8,0.1,21.6,11.8,79.1,13,4.6
732951,16.4,2.1,0,20.4,12.3,83.1,150.9,5.6
732952,15.4,3.1,0,17.9,12.7,79.9,39.9,9
732953,13.5,5,0,16.1,10.6,87.7,284.8,5.5
732954,12,6.4,0,15,8.9,84.2,169.8,7.2
732955,11.7,6.9,0,15.2,7.9,81.4,10.9,6.9
732956,12.8,5.6,0,16.3,9.2,84.8,19.5,10
732957,12.2,6.4,0,15.6,8.6,81.2,39,9.6
732958,11.1,7.3,0,16,6.2,80,20.1,6
732959,12,6.5,0,18.3,5.4,78,0.2,4.1
732960,13.5,5,0,19,7.8,83.7,6.2,2.9
732961,12.9,5.6,0,18.4,7.3,84.7,0.2,4.8
732962,13.3,5.2,0,18.4,8,89.2,7.7,3.2
732963,12.9,5.5,0,15.7,10.1,91.7,12.5,4.2
732964,11.7,6.7,0,14.4,9,85,0.7,6.3
732965,9.7,8.7,0,13.3,6.1,83.5,2.3,6
732966,9.3,9,0,14.8,4.1,82.3,0,5.2
732967,9.2,9.4,0,15.3,2.8,75.7,0,4.6
732968,9.9,8.5,0,15.7,4.1,80.1,0.6,4.5
732969,12,6.4,0,17,7,79.8,11.7,4.8
732970,13,5.6,0,16.7,9,83.7,8.3,5.3
732971,13.6,4.8,0,17,10.1,84.1,17.7,6.4
732972,13.9,4.6,0,17.6,10.1,78.9,9.6,7.2
732973,14.7,3.8,0,17.7,11.4,83.4,32.8,8.2
732974,13.7,4.8,0,16.8,10.5,79.8,140.3,11
732975,10.9,7.5,0,15.2,6.4,81.1,22.4,5.8
732976,15,3.5,0,21.1,8.7,70.8,2.1,7.8
732977,13.8,4.6,0,17.4,10.1,74.6,1.2,8.7
732978,12,6.5,0,14.8,9,87.4,15.5,6.2
732979,12.1,6.4,0,15.8,8.2,82.1,49.8,10.2
732980,9.4,9.1,0,12.7,5.9,84,30.7,4.7
732981,10.1,8.4,0,13.6,6.4,77.9,1,10.2
732982,5.6,12.9,0,10,1.2,72.8,56.9,13.8
732983,1.9,16.6,0,5.2,-1.6,78.6,18,6.6
732984,2.5,15.8,0,5.7,-0.6,83.1,8.8,4.7
732985,5.3,13.2,0,8.6,1.7,86.7,7.1,8
732986,8.2,10.3,0,9.9,6.3,86.3,43,11.6
732987,8.8,9.6,0,11.2,6.4,82,21.8,9.3
732988,6.6,11.9,0,10.5,2.5,83,2.6,5.7
732989,7.1,11.4,0,11.6,2.5,83.1,0.7,8
732990,8.2,10.4,0,11.3,4.8,79.1,15.1,10.9
732991,5.3,13.2,0,8.9,1.7,81.6,12.5,5.6
732992,5.8,12.6,0,9,2.7,84.1,10.2,10.4
732993,6.1,12.3,0,8.1,4,82.5,64,12.8
732994,7.4,11,0,10.5,4.3,87.1,30.9,11.6
732995,10.5,8,0,12.6,8.2,86.3,87.1,9
732996,11.5,7,0,14.8,8.2,84.8,3,7
732997,11.6,6.8,0,16.1,7.1,77.8,0.7,7
732998,10.5,8,0,13.5,7.3,83,14.1,6.2
732999,8.5,9.9,0,11.6,5.3,86.9,14.2,5.9
733000,6.5,12,0,9.3,3.4,91.7,42.7,5.6
733001,5.4,13.1,0,8,2.7,83.3,49.6,9
733002,6.2,12.4,0,9.2,2.9,88.4,50.2,7.8
733003,4.2,14,0,7,1.6,88.3,29.3,7
733004,6.7,11.8,0,10.2,3,86.4,28.6,9.9
733005,9.1,9.4,0,12.3,5.4,85.2,96.2,6.8
733006,11,7.5,0,14.1,7.6,75.7,3.5,9
733007,9,9.4,0,12.6,5.5,84.1,6.5,4.8
733008,7.7,10.8,0,11.6,3.6,89.5,0.7,4.9
733009,7,11.5,0,9.9,3.9,90.2,2.5,5.3
733010,6.3,12.1,0,9.2,3.4,91.7,11.9,4.6
733011,4.7,13.7,0,7.5,1.9,94,0.2,5.3
733012,5.6,12.9,0,8.6,2.4,88.4,1.9,6.8
733013,5.8,12.5,0,7.9,3.5,86.3,2.5,7.5
733014,7.6,10.9,0,10.5,4.7,82.3,7.7,10
733015,7.4,11.1,0,9.9,4.8,83.1,72,11
733016,10.7,7.6,0,13.9,7.2,81.2,59.9,12
733017,8.7,9.7,0,11.5,5.9,81.3,26.9,9.8
733018,6.7,11.8,0,8.8,4.3,79.8,39.5,11.7
733019,8.8,9.6,0,12,5.5,77.5,48.8,10.4
733020,5.7,12.7,0,8.6,2.5,83.9,13.9,6.6
733021,3.8,14.7,0,6.5,0.9,89.4,18.4,6
733022,3.5,14.9,0,5.7,1.2,87.4,7.7,10.7
733023,5.3,13.3,0,6.9,3.3,86.6,35.7,8
733024,6.2,12.3,0,8.5,3.8,85.8,23.1,10.1
733025,6.5,11.5,0,9,3.9,83.1,7.9,10
733026,5.4,12.9,0,9.1,1.8,80.3,1.1,7.2
733027,5.2,13.2,0,8.3,1.9,81.2,6.4,8.1
733028,3.5,14.6,0,5.9,1.1,90,16.5,6.5
733029,2.3,16.1,0,4.3,0.4,92.1,0.2,4.1
733030,2.6,15.8,0,4.5,0.9,83.9,3,5.2
733031,3,15,0,5.2,1,86.3,5.7,5.9
733032,4.3,13.9,0,5.9,2.7,92,16.8,3.6
733033,3.9,14.5,0,5.6,2,86.7,1,4.5
733034,2.6,15.9,0,4.1,0.9,92.2,2.1,4.7
733035,2,15.7,0,3.6,0.5,95.2,3.7,3.8
733036,1.8,16.7,0,3.6,-0.3,95.4,6.2,3.5
733037,0.8,17.5,0,3.2,-1.6,91.8,3.8,3.6
733038,-0.8,19.3,0,1.2,-3.1,92.9,0.2,4.2
733039,0.5,17.9,0,2.4,-1.6,92.6,6.3,6.5
733040,2.8,15.8,0,4.8,0.4,91.3,49.7,5.4
733041,4.4,14.1,0,7.4,1.1,80.5,6.1,10.4
733042,7.4,11.1,0,9.6,4.8,79.4,74.6,12.4
733043,6.9,11.6,0,10.6,3.1,80.2,234.1,14.3
733044,3.3,15.1,0,5.2,1.2,87,66.1,10
733045,4.7,13.9,0,6.3,3,87.2,14,9.9
733046,6.1,12.4,0,7.9,4.1,85,52.7,12.6
733047,6.2,12.2,0,7.8,4.5,85.1,30.7,11.5
733048,7,11.2,0,9.1,5,88.8,39.6,7.6
733049,6.1,12.5,0,8.9,2.9,86.6,140.1,8.9
733050,6.8,11.6,0,9.3,4.1,84.5,22.9,9.9
733051,9.9,8.6,0,12.8,6.9,81.2,58.2,11.9
733052,9.1,9.5,0,12.7,5.4,76.7,8.8,12.1
733053,6.8,11.7,0,9.7,3.8,76.2,69.9,16.8
733054,7.6,10.9,0,9.8,5,74.3,116.8,15.8
733055,8.9,9.4,0,11.5,6.1,78.6,22.3,13.1
733056,6,12.5,0,10.3,1.6,74.3,15.7,12.8
733057,3,15.5,0,6.6,-0.6,85.6,0.4,6.9
733058,3.8,14.8,0,6.3,0.8,90.3,3.1,7.4
733059,7.4,11,0,10.3,4.4,84.9,54.2,10.9
733060,9.4,9.1,0,13,5.7,80.1,202.8,19.1
733061,7.8,10.6,0,10.4,5.2,79.7,526.5,14.3
733062,9.1,9.4,0,12.5,5.6,80.7,84.5,13.2
733063,5.6,12.9,0,8.2,2.8,75.1,97,14.2
733064,1.2,17.2,0,4.7,-2.4,79.8,8.9,8
733065,-2.9,21.4,0,-0.1,-5.6,78.2,3.3,6.9
733066,-4,22.3,0,-1.6,-6.4,84.4,16.6,6.9
733067,-4.3,22.8,0,-1.2,-7.7,81.6,14.4,6.2
733068,-4,22.5,0,0,-8.2,84.9,16,9.8
733069,0.4,17.7,0,2.4,-1.6,81.7,9.7,10.9
733070,3.2,15.1,0,5.1,1.3,86.1,28.6,15
733071,4.3,14.2,0,6.2,2.3,84.4,46.4,10.4
733072,4.7,13.7,0,6.8,2.7,85.5,29.8,8.1
733073,5.1,13.4,0,6.8,3.4,80.2,10.3,11.4
733074,5.3,13.2,0,7.6,2.8,87.1,14.9,6.8
733075,5.9,12.6,0,7.9,3.6,92.9,8.9,7.2
733076,5.2,13.3,0,7.3,2.8,82,28.1,9.1
733077,3.7,14.7,0,7,0.5,86.5,1.8,6.2
733078,2.2,16.3,0,4.7,-0.6,89.6,10,7
733079,1.5,17.1,0,3.4,-0.8,89.3,23.2,5.2
733080,0.5,17.9,0,3.1,-2.1,91,30.2,4.6
733081,0.5,18,0,3,-2,91.2,59.1,7
733082,2.2,16,0,4.6,0,86.7,49.1,7.1
733083,0.9,17.5,0,3.4,-1.6,88.5,19.7,8.6
733084,2.6,15.8,0,5.5,-0.4,89.8,69.8,9.5
733085,4.9,13.5,0,7.8,2.2,90.2,128.5,7.6
733086,5.7,12.8,0,7.4,3.8,87.1,68.8,10.4
733087,4.7,13.7,0,7.8,1.5,86.2,109.2,6.3
733088,4.6,14,0,7.4,1.6,86.2,73.6,7.3
733089,4,14.4,0,7.6,0.5,80.3,35.9,8.2
733090,4.3,14,0,8.9,-0.2,73.6,0,9.6
733091,4.7,13.6,0,9,0.7,76.7,0.3,5.1
733092,3.2,15.3,0,6,0.3,84.3,1.9,3.4
733093,3.6,14.8,0,8.2,-1,83,0.5,3.5
733094,5.4,13,0,10.5,0.3,81.9,5.7,6.6
733095,6.1,12.2,0,9.9,2.4,83.3,45.6,5.3
733096,5.2,13.2,0,9,1.3,83.9,2.8,7.6
733097,5.8,12.7,0,9.9,1.7,81,44.9,9.4
733098,6.3,12.1,0,9.3,3.4,83.7,463.6,8.8
733099,5.1,13.3,0,7.3,2.8,87.6,139.9,9.9
733100,4.2,14.3,0,6.6,1.6,83.2,82.8,10.1
733101,7.3,11.2,0,10.9,3.4,81.3,71,12.3
733102,7,11.5,0,9.9,3.8,80,122.5,12.9
733103,5,13.5,0,7.7,2.1,78.9,188.8,11.1
733104,4.4,14,0,8.1,0.7,86.4,189.8,8.8
733105,5.8,12.5,0,10.3,1.5,80,269.7,5.6
733106,6.6,11.8,0,10.9,2.2,75.3,11.4,9.2
733107,7,11.3,0,10.3,3.3,74.5,6,8.6
733108,7.5,11,0,10.9,3.8,81.4,13.4,5.8
733109,6.2,12.3,0,9.9,2.3,82.4,83.7,6.1
733110,6.3,12.2,0,10.4,1.9,78.1,34.1,6.7
733111,5.4,13,0,9.4,1.4,77.5,78.6,6.9
733112,7.6,11,0,12.9,1.9,71.4,0,6.5
733113,9,9.3,0,16.5,1.6,66.8,0.1,4.6
733114,9,9.5,0,15.8,1.9,71.5,0.6,4.4
733115,7.4,11.1,0,12.6,2,74.4,0.4,5.4
733116,7,11.4,0,13,0.9,73.5,0,4.2
733117,7,11.4,0,12,2,74.1,1.7,6.3
733118,7,11.4,0,9.2,4.6,80.2,33.5,12.9
733119,5.9,12.7,0,9.9,1.5,77.1,23.4,16.2
733120,2.9,15.6,0,5.7,0.1,79.7,56,7.7
733121,2.6,15.8,0,6.4,-1.3,79.8,8.3,6.8
733122,2.2,16.2,0,4.5,-0.1,84.7,21.4,8.2
733123,2.4,16.1,0,3.9,0.9,88.8,144.7,9.5
733124,4,14.4,0,7.6,0.4,82,310.1,10.3
733125,6.6,11.9,0,9.9,3.2,78.8,130.6,10
733126,8.2,10.2,0,13.3,3.1,65.2,10,11
733127,8.9,9.7,0,15.1,2.5,58.8,4.9,10
733128,8.6,9.8,0,15,2.1,54.4,0,9.1
733129,9,9.4,0,15.7,2.3,56.2,0.8,6.9
733130,9,9.5,0,14.3,3.7,64.5,2.6,6.9
733131,8.1,10.5,0,14,1.8,70.9,101.3,5.9
733132,8.5,9.8,0,14.3,2.7,65,24,7.8
733133,9.7,8.7,0,15.9,3.5,56.7,3.5,7.8
733134,9.8,8.7,0,17,2.6,55.6,0.5,5.4
733135,6.4,12.1,0,11.2,1.3,73.2,7.7,8.2
733136,4.7,13.8,0,9.9,-0.5,63.5,35.7,7.8
733137,6.8,11.8,0,12.7,0.6,68.2,0.6,8.4
733138,8.7,9.7,0,14.3,2.9,70,0.6,6.3
733139,7.4,11,0,12.3,2.3,68.5,0.4,6.4
733140,7.6,10.8,0,13,2.4,69,1,7.1
733141,9.4,9,0,14.8,3.8,66,1.8,9.2
733142,10.3,8.1,0,15,5.7,70.3,1.5,8.2
733143,10.8,7.7,0,16.3,5.2,69.2,0,5.9
733144,11.9,6.7,0,19.6,3.8,67.2,0.1,5.3
733145,14,4.5,0,22.1,5.8,59.3,0,7.1
733146,15.5,3.1,0.1,24.1,6.8,49,0.2,7.4
733147,15.4,3.1,0.1,23.7,7.1,46,0,6.3
733148,15.8,2.8,0.1,24.6,6.8,47.6,0,5.2
733149,12.2,6.3,0,18.8,5.5,59.3,0.8,6.6
733150,7.5,10.9,0,12.5,2.6,61.8,3,8
733151,8.8,9.7,0,16.5,0.9,57.4,1.3,8.7
733152,7.5,10.9,0,12.5,2.5,57.8,0.4,7.8
733153,6.8,11.7,0,13.7,-0.2,57.1,0.7,4.2
733154,11,7.4,0,19.9,1.9,48.4,0.2,4.8
733155,13.9,4.5,0,22.7,5.1,50.1,1.4,5.2
733156,14.5,4.2,0.1,20,8.7,69.8,2.3,3.7
733157,16.7,2,0.3,23.9,9.3,61.4,0,6
733158,16.6,2.2,0.2,24.2,8.7,48.7,0.5,5.6
733159,16.7,1.9,0.1,24.9,8.4,49.3,0,4.9
733160,16.2,2.5,0.1,24.6,7.5,52.7,0.3,5.1
733161,12.3,6.3,0,18.9,5.4,51,0.8,8.2
733162,10.6,7.9,0,17.9,3.2,49.4,0.8,7.3
733163,9.8,8.5,0,16.9,2.7,44.2,0.5,7.1
733164,11,7.5,0,18.6,3.2,45.1,0.2,6.6
733165,12,6.5,0,19.9,4.2,50.1,0.4,5.8
733166,13.1,5.4,0,20.9,5.2,47.8,0.6,7.1
733167,13.2,5.2,0,19.9,6.4,53.9,18.6,7.3
733168,13.4,5.1,0,21,5.9,55.8,5.9,5.4
733169,12.7,5.7,0,16,9.4,79,8.6,9
733170,11.4,7.2,0,15,7.6,79.2,287,11.4
733171,10.9,7.5,0,14.4,7.4,78.1,163,10.1
733172,13.6,4.9,0,18.5,8.5,72.3,193.3,10.6
733173,12.6,5.9,0,16.9,8.1,70.6,62.3,11.6
733174,11.6,6.7,0,17,6.4,76.3,82.6,8.6
733175,15.2,3.2,0.1,21.9,8.5,68.1,144.3,6.4
733176,15.3,3.2,0.1,20,10.4,68.1,88.1,8.5
733177,10.2,8.3,0,14.6,5.6,77.7,247.8,7.1
733178,9.8,8.6,0,15,4.5,76.5,143.3,7.4
733179,8.2,10.2,0,12.4,3.8,75.7,205.4,7.2
733180,10.9,7.6,0,18.5,3.1,67.8,7.8,5.8
733181,14.6,3.9,0,21.4,7.6,68.2,16.2,5.9
733182,17.2,2,0.7,24.1,10.4,63.4,0.7,5.5
733183,19.7,0.8,2.2,26.9,12.6,64.5,1.7,4.6
733184,19.3,1,2,24.7,14,73.7,8.6,5
733185,16.9,2.2,0.6,22,11.5,73.8,0.8,4.6
733186,20.3,0.1,1.7,26.8,13.5,66.8,0.6,3.7
733187,22.9,0,4.1,28.3,16.9,63.8,10.6,5.5
733188,20.5,0.5,2.3,25.2,15.2,76.3,120.6,4.7
733189,17.6,1.4,0.3,20.9,13.8,80.7,95,6.1
733190,14,4.7,0,16.6,11,87.3,596.4,6.8
733191,10.6,7.8,0,14.7,6.5,89.5,217.1,9.8
733192,10.9,7.5,0,17,4.9,64.3,162.5,6.4
733193,12.7,5.7,0,18.9,6.5,65.8,13.6,4.4
733194,13.9,4.5,0,20.4,7.4,70.2,56.7,5.9
733195,15.1,3.3,0,19.6,10.5,79.8,40.3,5.6
733196,15.4,3.1,0,19.3,11.3,80.5,11.6,5.4
733197,16.2,2.4,0.1,20.4,11.8,79,13,4.9
733198,17.4,1.3,0.2,21.3,13.2,79.5,15.3,5
733199,18.8,0.4,0.7,24.3,13.1,75.2,14.5,5.2
733200,21.3,0.3,3.2,27.5,14.9,66.2,4,6.5
733201,22.4,0.1,4,28.5,16,60.8,20.2,5.9
733202,21.8,0.3,3.7,28.3,15.5,62.9,16.5,5.2
733203,20.8,0.4,2.7,27.1,14.3,63.9,14,4.7
733204,21,0.1,2.6,27.1,14.6,61.9,51.7,4
733205,19.8,0.5,1.8,24.6,14.9,73.2,16,5.5
733206,18.9,0.4,0.9,23.6,14.3,71.5,181.6,5
733207,19.3,1.1,2.1,26.2,12.6,67.9,5.6,4.9
733208,18.3,1.5,1.5,23.4,13.4,79.4,105.5,6.9
733209,16.3,2.2,0,21,11.4,75.7,421.2,7.6
733210,17.4,1.4,0.3,23.2,11.5,65.7,57.1,6.5
733211,17.5,1.7,0.8,22.5,12.4,76.7,104.8,6.2
733212,19.5,0.2,1.3,25.7,13.2,67.5,49.7,3.8
733213,21.5,0.1,3.1,27.6,15.4,67.2,3.6,5.6
733214,15.5,3.4,0.3,20.2,10.5,86.8,330.1,5.7
733215,15.4,3.1,0,20.4,10.1,79.9,571.7,5.7
733216,15.4,3,0,19.5,11.3,78.2,79.6,7.7
733217,16.9,1.6,0.2,22.2,11.6,70.6,70.7,5.7
733218,17.7,1.7,0.9,23.6,11.6,75.4,38.2,6.7
733219,12.9,5.5,0,16.9,9,77.9,99.8,13.2
733220,12.5,6,0,15.5,9.4,69.9,80.3,12.8
733221,12.7,5.9,0,17.4,7.7,71.9,34.8,9.1
733222,13.2,5.2,0,18.6,7.5,73.5,26.4,7.7
733223,15.7,2.9,0.1,19.5,11.7,72.7,20.8,8.2
733224,18.6,0.7,0.7,24.4,12.6,71.7,24.4,5.3
733225,16.9,1.7,0.2,20.5,13.2,84.5,76.4,5.8
733226,14.5,4,0,19.2,9.7,80,65.8,7.1
733227,14,4.4,0,17.4,10.4,82.3,143.3,7.9
733228,13,5.3,0,17.7,8.3,82,571.1,10.5
733229,14.9,3.6,0,19.3,10.4,74.4,90.6,11.8
733230,15.9,2.6,0,20.3,11.2,67,28.3,11
733231,16.4,2.3,0.3,22.3,10.5,63.4,10.2,6.2
733232,14.3,4.2,0,18.6,9.9,79.4,37.5,5.1
733233,12.9,5.5,0,17.4,8.3,80.3,248.4,5.9
733234,12.9,5.5,0,17.7,8.1,80.9,219.1,7.7
733235,15.4,3.1,0,19,11.6,77.3,129.8,8.5
733236,19.1,0.3,1,23.8,14.3,75.8,10.9,6.3
733237,22.5,0,4,29.4,15.4,63.1,12,6.5
733238,24,0.3,5.9,31.8,16.1,56.4,0.6,5.3
733239,26.1,0.2,7.8,33.4,18.6,49.5,0.6,4.7
733240,22.5,0.1,4.2,27.6,17.4,58.2,71,7.1
733241,20.5,0.3,2.4,26,15,63.7,16,5.6
733242,20,0.6,2,25.4,14.4,67.6,45.7,4.8
733243,21,0.4,2.9,26.2,15.7,71.3,54.2,6.8
733244,19.7,0.5,1.7,23.9,15.5,70.5,32.2,5.4
733245,16.6,1.9,0,21.1,12,77.8,1090,7
733246,16.9,1.9,0.4,22.6,11.2,70.4,70,5.7
733247,15.8,2.7,0,20.2,11.4,76.1,79,11.3
733248,17.2,1.3,0,22.2,12.1,65.9,76,8.8
733249,19.2,0.3,0.8,25.1,12.8,62.2,1.7,6.4
733250,18.9,0.6,1.1,23,14.7,63.3,2.8,9.8
733251,17.2,1.7,0.4,21.4,13,77.1,56.4,8.2
733252,14.3,4.2,0.1,18.1,10.5,85,154.2,7.4
733253,12,6.5,0,16.6,7.1,72.7,260,10.6
733254,12.7,5.8,0,17.7,7.5,69.1,21,8
733255,14.1,4.5,0,21.5,6.3,62.8,2.7,4.8
733256,16.2,2.3,0,22.6,9.9,72.8,10.2,6.2
733257,16.1,2.5,0,20.5,11.6,72.9,104.1,6.2
733258,16.9,1.7,0.1,23.9,9.8,63.6,0.2,4.2
733259,19.7,0.3,1.5,26.4,12.8,56.8,0,5.6
733260,20.8,0.2,2.5,28.2,13.3,54.9,243.9,6.1
733261,19.4,0.6,1.6,24.2,14.5,74.4,97.8,5.4
733262,17.2,2.2,0.9,20.2,14,87,286.4,6.4
733263,17.6,2.1,1.2,21.6,13.5,85.1,81.7,6.9
733264,17.4,2,0.9,20.6,13.9,90.4,119.8,6
733265,15.8,2.8,0.2,19.7,11.9,85.7,129.7,6.6
733266,17.7,1,0.1,22.8,12.4,75.8,102.7,4.2
733267,18.1,0.8,0.4,23.4,12.7,73.7,24.3,4.9
733268,18.5,0.5,0.6,24.6,12.3,66.6,29.4,4.8
733269,21.9,0,3.4,26.4,17.3,71.5,20.3,8.4
733270,17.4,1.5,0.5,21.6,12.9,76.6,141.8,8.6
733271,14.5,4,0,19.3,9.5,73.2,20.6,6.3
733272,14.4,4.1,0,20.8,7.7,68.8,6.9,4
733273,17.1,1.6,0.3,23.4,10.7,68.4,8,4.9
733274,17.2,1.9,0.5,21.1,13.1,76.7,25,5
733275,16.3,2.3,0.1,19.6,12.8,87.7,224.2,6.6
733276,17.7,1.2,0.4,21.8,13.5,81.1,217.9,5.2
733277,18.4,0.6,0.5,23.1,13.4,79.3,55.3,4.2
733278,19,0.3,0.8,24.4,13.5,75.9,8.6,4.1
733279,19.5,0.1,1,24.5,14.3,74.2,1,5.2
733280,18.8,0.6,0.9,23.8,13.6,72.3,1.2,6.6
733281,15,3.6,0.1,20.3,9.6,69.5,1.7,6.2
733282,15.4,3.4,0,18.8,11.5,70.4,0,6.2
733283,11.6,6.9,0,17.2,5.7,70.2,11.3,5.1
733284,12.5,6,0,18,6.8,72.6,4.6,6.8
733285,13.9,4.7,0,17.6,9.8,82,31.1,7.3
733286,14,4.5,0,18.2,9.8,79.6,115.3,6.5
733287,14,4.5,0,19.3,8.8,76.4,3.1,7
733288,12.2,6.2,0,16.6,7.6,81,168.7,7.7
733289,9.9,8.6,0,13.9,5.8,77.3,310.4,8.7
733290,10.4,8,0,15.2,5.4,73.5,151.3,6.4
733291,12,6.4,0,16.6,7.5,83.7,3.3,6.7
733292,12.6,5.8,0,16.4,8.6,82.8,5.5,7.4
733293,12.8,5.7,0,16.6,8.9,86.3,14.4,8
733294,12.2,6.2,0,16.6,7.6,76.7,55.2,8.1
733295,11.1,7.5,0,14.9,6.9,84.2,7.2,9.4
733296,12.2,6.2,0,16,8.2,82.6,180.4,7.4
733297,12,6.4,0,16.8,7.2,80.4,3.6,6
733298,11.7,6.7,0,17,6.5,74.9,0.1,4.4
733299,12.5,6,0,19.7,5.1,75.2,2.4,6.4
733300,11.6,6.9,0,17,5.8,67,1.2,8.1
733301,13.4,5.2,0,20.7,5.7,70,0.6,6.4
733302,15.6,3,0.1,21.2,9.8,77.2,15.8,6.5
733303,10.4,8,0,15.3,5.5,83.4,115.4,8.3
733304,9.1,9.2,0,14.4,4,73.8,209.9,6.7
733305,11.2,7.3,0,17,5.2,74.4,2,7.8
733306,13.2,5.2,0,19.5,6.9,71.7,0.7,6.1
733307,14.2,4.4,0,21.1,7,73.8,0.6,4
733308,15,3.5,0,23,6.9,72.2,0.6,3.6
733309,15.5,3,0,22.8,8.1,71.9,3.2,6.2
733310,11.5,7.1,0,15.7,6.9,83.1,53.4,6.4
733311,9.6,8.9,0,14.2,5,83.1,33,3.7
733312,10,8.6,0,13.3,6.3,89.4,129.8,8.5
733313,10.2,8.2,0,13.1,7.2,92.4,304.7,8.2
733314,11.1,7.4,0,14.5,7.4,85.2,314.1,9.3
733315,11.6,7,0,16.4,6.6,82.2,123.4,5.9
733316,11.4,7,0,17.7,5.1,82.2,2.5,3.4
733317,12.1,6.4,0,16.5,7.8,89.4,78.7,3.6
733318,12.4,6.1,0,17.1,7.4,87.5,14.8,4
733319,13.2,5.2,0,17.8,8.7,89.8,5.6,4.1
733320,11,7.3,0,15.9,6.2,85.2,9.3,4.8
733321,9.1,9.3,0,14.4,3.8,85,7.1,4.2
733322,9.3,9,0,15.1,3.4,80.4,0.1,3
733323,9.2,9.4,0,14.9,3.3,81.3,1.1,3.7
733324,9,9.4,0,13.6,4.4,78.9,1.5,3
733325,8.7,9.8,0,14.3,3,80.1,0.8,3.8
733326,8.9,9.5,0,13.7,4,82.2,8.4,4.3
733327,10.1,8.3,0,14.3,5.9,85.4,7.1,7.1
733328,8.4,10.1,0,13.4,3.3,78.6,0.2,4
733329,8.3,10.2,0,14.6,1.5,71.7,0,4.8
733330,10.1,8.3,0,17.4,2.9,72.1,0.1,5.1
733331,11.7,6.8,0,17.3,6.1,79.5,0.8,6.2
733332,11.5,7,0,16.4,6.3,82.4,3.5,7.1
733333,8.1,10.4,0,11.7,4.3,82,42.3,8.6
733334,5.1,13.4,0,8.9,1.1,79.2,5,6.3
733335,3.8,14.7,0,8.3,-0.7,79.7,2.5,4.8
733336,3.9,14.6,0,7.6,-0.1,87.5,20.7,5.1
733337,2.1,16.4,0,6.4,-2.3,81.4,7.5,6.3
733338,3.7,14.9,0,7.4,-0.4,81.6,1.6,7.5
733339,5.1,13.3,0,7.2,2.8,85.5,3.2,7.6
733340,6.3,12.2,0,8.3,4.3,87.2,1.6,6.3
733341,6.8,11.8,0,8.9,4.3,86.8,8.2,5.5
733342,6.1,12.2,0,8.7,3.7,88.8,2.2,3.4
733343,6.1,12.3,0,10.1,2.2,83.9,5.3,5.7
733344,6.6,11.9,0,10.5,2.5,87,5,5.3
733345,6.6,11.7,0,10.2,3.2,88.8,53.8,5.1
733346,6.4,12.2,0,10.8,1.7,85.5,15.5,5.3
733347,6.7,11.8,0,10.6,2.5,85.3,2.5,5.7
733348,8.5,10.2,0,11.5,5.1,93.3,3,3.9
733349,9.2,9.3,0,12.5,5.9,90.8,57.5,6.4
733350,7.3,11.3,0,10.5,3.7,80.7,21,5.9
733351,4.8,13.8,0,8.8,0.4,82.6,2.3,4.6
733352,4.9,13.5,0,8.2,1.7,83.2,115.4,10.8
733353,5.8,12.7,0,8.6,2.9,86,78.2,13.5
733354,7,11.5,0,10,3.7,86,136.8,10.3
733355,4.5,13.9,0,7.7,1.4,82.3,97.1,14.7
733356,3.4,15,0,5.6,1.2,87.1,57.3,10.8
733357,4.1,14.4,0,7.2,0.9,89.5,119,11
733358,2.9,15.6,0,5.2,0.4,86.8,188.6,10.3
733359,2.4,16.1,0,4.8,-0.2,88.3,79,8.3
733360,1,15.9,0,2.7,-0.5,89.8,111.1,7.1
733361,0.4,18,0,2.5,-1.8,87.8,42.9,5.5
733362,0.4,18,0,3.2,-2.3,89,2.6,5.3
733363,2.4,15.6,0,4.4,0.1,93,17.1,4.4
733364,2.5,15.9,0,4.8,0.4,91.4,23.1,5.3
733365,0.9,17.5,0,4,-2.2,88.3,2.8,6.8
733366,2.4,16.1,0,4.7,-0.1,88.9,24.9,5.8
733367,3.6,14.9,0,6.4,0.6,84.5,13.3,6.5
733368,5,13.5,0,8.1,1.8,89.6,16.4,5.2
733369,4.5,14.1,0,7,1.6,92.2,32.6,4.9
733370,2.3,16,0,5.4,-0.6,85.5,56.2,6.1
733371,3.3,15.1,0,5.9,0.5,87.4,27.7,11.2
733372,2.1,16.1,0,3.8,0.3,82.2,144.4,11.5
733373,1.1,17.4,0,4.1,-2.2,82.4,8.6,6.5
733374,0.9,17.6,0,3.9,-2.1,90.1,1.4,5.5
733375,1.5,17,0,3.8,-1,87.9,3.2,8.6
733376,4.1,14.3,0,6.4,1.6,90.1,81.8,8.8
733377,5.6,12.8,0,8.3,2.9,86.1,77.5,10.7
733378,6.5,12.1,0,9.3,3.2,82.1,107.3,13.5
733379,5.6,13,0,8.1,2.7,81.7,191.9,14.3
733380,4.5,14,0,6.8,2.1,84.7,57.5,9.4
733381,6.8,11.7,0,9.9,3.3,86.2,13,9.9
733382,7.5,10.8,0,10.1,4.8,84.4,45.7,10.9
733383,8.1,10.3,0,12.5,3.7,82.6,176.3,14.7
733384,4.4,13.9,0,6.8,2,80.2,95.6,10.5
733385,5,13.6,0,7.6,2.1,87.1,36.5,8.5
733386,4,14.4,0,6.3,1.6,90.5,41.8,6.3
733387,3.4,15,0,5.2,1.2,92.3,27.6,6.8
733388,3.1,15.3,0,4.6,1.3,92.1,70.4,6
733389,2.6,15.8,0,4.3,0.8,82.5,20.7,5
733390,0.8,17.7,0,2.2,-0.7,80.5,1.4,5.2
733391,-0.9,19.4,0,1.2,-3.2,80.6,1.4,6
733392,-2.1,20.6,0,0,-4.4,85.1,0.7,5.8
733393,-0.5,18.8,0,1.1,-2,81.4,1.4,7.8
733394,-1.4,20,0,0.1,-3.3,85.4,0.5,5
733395,-1.5,18.8,0,0.4,-3.8,88.6,0.7,3.1
733396,-2.8,21,0,-0.9,-5.1,93,1.8,3.2
733397,-3.7,22.2,0,-1.3,-6.5,92.8,0.8,2.8
733398,-4.1,22.5,0,-1.9,-6.6,93,0.9,3.1
733399,-2.4,20.9,0,0.6,-5.5,90.6,2.1,3.6
733400,-1,19.5,0,0.4,-2.8,95.9,1.1,4
733401,-1.2,19.6,0,0.5,-3,88.8,0,6.7
733402,-0.8,19.2,0,1.2,-2.8,87.7,7.8,5.8
733403,0.6,17.8,0,2.7,-1.7,91.4,2.6,7.1
733404,2.3,16,0,4.3,0.1,87.7,1,8.5
733405,1.8,16.7,0,4.4,-1,82.1,4.1,10.3
733406,2.9,15.6,0,5,0.5,89.1,7.2,7.3
733407,1.7,16.8,0,3.5,-0.4,93.1,36.7,5.4
733408,-0.5,18.9,0,0.9,-2,94.3,24.3,4.3
733409,-2.1,20.5,0,-0.3,-3.9,87.4,65.6,7
733410,-2.3,20.5,0,-0.5,-4.2,78.4,3.4,11.4
733411,-2.6,20.9,0,-0.7,-4.6,77.5,0.9,9.1
733412,0.3,18.1,0,3.7,-2.9,84.5,41.9,8.8
733413,2,16.5,0,4.5,-0.7,91.9,95.7,6.4
733414,3.4,15.2,0,6.7,-0.1,87.3,39.1,9.6
733415,3.5,15,0,6.3,0.6,82.9,97.3,8.4
733416,2.9,15.6,0,5.7,-0.1,84.8,3.6,8
733417,4.3,14,0,7.6,0.9,84.7,9.4,8.8
733418,6.2,12.3,0,9.4,2.8,78,2.1,8.6
733419,3.9,14.6,0,7.1,0.4,80,9.6,8.9
733420,2.2,16.3,0,5.7,-1.4,85.5,0.9,5.9
733421,2.5,15.9,0,5.5,-0.8,84.4,1.7,7.5
733422,4.9,13.5,0,7.6,2.2,79.1,8.7,11
733423,5.4,13.2,0,8.1,2.3,80.9,40.9,9.4
733424,4.1,14.4,0,7.3,0.8,86.3,25.2,7.1
733425,6.2,12.4,0,9.2,2.9,86.3,102.3,10.7
733426,8.2,10.2,0,11.8,4.6,86.1,120.4,12.6
733427,7.5,10.6,0,11,4,86.3,304,10.3
733428,6.5,12,0,9.7,3.2,85,224.9,12
733429,3.7,14.8,0,7.5,-0.1,81.3,294.9,9.7
733430,1.8,16.7,0,5.9,-2.6,83,10.7,7.4
733431,4.7,13.6,0,8.2,1.3,80.7,21.1,8.7
733432,3.2,15.1,0,7,-0.4,77,32.6,10.8
733433,4.1,14.3,0,8.2,0.1,77.9,1.7,13.6
733434,4.4,12.6,0,7.3,1.6,81.4,146.9,12
733435,4.9,13.4,0,7.8,2,87.8,103.3,4.9
733436,4,14.3,0,6.9,1.1,82.7,12.4,4.9
733437,2.4,15.9,0,4.8,0.2,89.3,8.4,7
733438,1,17.2,0,3.4,-1.3,82.3,41,11.9
733439,4,14.3,0,6.8,1.4,77.3,51,13.7
733440,1.6,16.8,0,4.4,-1.3,80.8,35.4,9.7
733441,0.7,17.6,0,4.8,-3.4,72.5,7.1,7.2
733442,2.7,15.7,0,7,-1.6,77.2,8,7.3
733443,4.4,14.1,0,7.7,0.7,82.7,24.2,9.9
733444,6.1,12.4,0,9.5,2.4,84.1,113.3,11.8
733445,3.5,15,0,7.2,-0.4,78.2,54.5,7.6
733446,4.1,14.3,0,8.8,-0.6,73.7,0.7,4.6
733447,4.8,13.7,0,10.1,-0.8,66.7,0,4.1
733448,5.5,13,0,10.3,0.4,66.7,0,4.2
733449,4.1,14.4,0,9.7,-1.7,79.3,0.8,3.6
733450,3.1,15.4,0,6.7,-0.7,85.1,0.4,3.8
733451,1.6,16.8,0,4.6,-1.5,87.7,1.1,3.5
733452,0.7,17.7,0,2.8,-1.7,91.7,2.2,3.9
733453,-0.4,18.9,0,2.7,-3.6,71,1.2,6.6
733454,-2.7,21.2,0,1.7,-7.2,66.1,0,4.6
733455,-1,19.5,0,4.6,-6.9,62,0,6.2
733456,2.1,16.3,0,6.3,-2,73.3,2,6.6
733457,3.4,15,0,7.3,-0.7,80,1.7,5
733458,2.9,15.6,0,7.6,-1.9,84.8,7.4,4.5
733459,4.7,13.8,0,8.9,0.5,85,15,8.7
733460,8.1,10.4,0,10.8,5.1,80.9,9.8,13.5
733461,7.2,11.2,0,11.2,3.1,71.3,26.9,10.2
733462,8.5,10,0,13.2,3.3,75.2,2,7.3
733463,6.6,11.9,0,10.5,2.6,78.8,7.2,6.9
733464,8.4,10.1,0,13,3.5,78.5,16.2,11
733465,5.8,12.8,0,8.9,2.4,73.4,40.2,12
733466,5.5,13.1,0,9.5,1.2,75.1,1.1,6
733467,6.4,12.1,0,9.6,3,83.1,118.1,7.9
733468,5.6,12.8,0,9.2,2.1,77.4,227.5,19.2
733469,7.1,11.4,0,10,4.1,77.1,76.1,16.3
733470,4.4,14,0,8.7,0,79.1,130,10.6
733471,2,16.5,0,5.5,-1.7,79.2,44.4,7.7
733472,1.1,17.5,0,4.1,-2.3,64.9,33.6,8.4
733473,1.9,16.6,0,6.1,-2.5,73.8,8.2,9.2
733474,4.7,13.9,0,8.3,0.6,82.2,2.2,5.2
733475,4.9,13.6,0,8.4,1.2,82.3,5.5,5.6
733476,5.9,12.6,0,9.9,1.7,74,2.4,8.3
733477,7.5,11,0,12.4,2.4,66.8,18.5,10.4
733478,7.2,11.3,0,10.2,4.1,73.1,36.4,12.8
733479,6.7,11.9,0,10.1,3.1,73.7,171.1,16.4
733480,5.6,12.9,0,8.6,2.5,72.3,94.8,14.4
733481,6,12.4,0,9.3,2.7,83.1,121.6,9.7
733482,6.8,11.8,0,11.4,1.9,77.5,24.6,4.6
733483,6.7,11.9,0,9.7,3.3,83.4,60,7.3
733484,3.2,15.3,0,6.7,-0.5,74.6,88.1,10.4
733485,2.9,15.7,0,5.9,-0.3,71.8,8.6,9.7
733486,2.5,16,0,5.4,-0.6,77,4.1,8.2
733487,1.8,16.6,0,5,-1.6,82.8,12.1,9.8
733488,3.2,15.3,0,5.6,0.6,87.2,110.5,10.5
733489,2,16.6,0,4.5,-0.9,83.7,116.8,8.8
733490,-0.6,19.2,0,2.5,-4.1,73.7,80.4,6.1
733491,-0.5,18.9,0,3.7,-4.6,74.8,9.5,7.2
733492,0.4,18.2,0,3.3,-2.7,80.4,6.1,10.3
733493,1.9,16.6,0,5.2,-1.5,78.2,25.8,8.2
733494,3,15.5,0,7.6,-1.9,79.4,10.7,4.4
733495,5.4,13.1,0,10.6,0.2,70.5,5.7,7.9
733496,7.2,11.3,0,11.3,3,67.9,15.7,10.6
733497,10.6,7.9,0,17.3,3.7,52.3,1.4,9.1
733498,8.3,10.2,0,13.4,2.8,70.4,2.4,5.7
733499,8.8,9.8,0,14.4,2.8,71.9,75.5,6.5
733500,7.5,11.1,0,9.9,4.8,81,21.7,9.5
733501,5.6,12.9,0,8.8,2.3,85.3,43.4,6.8
733502,6,12.6,0,8.9,2.6,83.1,31,5.1
733503,5.8,12.7,0,9.6,1.9,84.1,13.9,6.3
733504,3.4,15,0,7,-0.2,80.9,81.7,5.4
733505,1.9,16.6,0,5.7,-2.2,80.4,86.7,6.1
733506,3.7,14.8,0,8.3,-1,75.8,75.5,4.4
733507,5,13.4,0,9.3,0.6,77.2,35.5,4.7
733508,5.5,12.9,0,9.4,1.5,81.2,150.3,5
733509,6.4,12.2,0,10.5,2,85.8,32.2,5.5
733510,7.8,10.7,0,12.6,2.8,70.6,221.7,7.3
733511,8.4,10.1,0,13.4,3.4,71.3,13.2,5.7
733512,7.8,10.7,0,11.6,4,79,101.7,5.9
733513,5.4,13.1,0,8.6,2.1,84.2,84.3,6.1
733514,4.5,14,0,8.7,0.1,76.2,62.7,5.6
733515,4.5,14,0,9.2,-0.3,76.8,121.5,5.7
733516,6.6,11.8,0,11.3,1.8,72.2,1.7,8.1
733517,6.6,12,0,9.5,3.3,79.7,48.3,8.4
733518,8.7,9.8,0,13.6,3.6,74.7,21.1,6.9
733519,9,9.4,0,15.2,2.7,68,0.9,9.6
733520,9.1,9.5,0,13.5,4.4,70.2,40.2,9.2
733521,9.8,8.7,0,16.2,3.3,65.5,1.8,5
733522,10.8,7.7,0,16.8,4.5,66.9,7.9,4.7
733523,9.2,9.3,0,13.9,4.4,76.7,15.7,6.6
733524,10.9,7.6,0,16.9,4.6,66.9,2.3,3.9
733525,12.5,5.9,0,19.7,5.2,54.9,0,5.3
733526,13.1,5.4,0,19.6,6.5,64.6,23.4,6.6
733527,10.2,8.4,0,14.2,5.9,78.8,35.5,5.8
733528,11.7,6.8,0,18,5.3,68.6,4.1,7.1
733529,10.1,8.4,0,15.3,4.7,69.9,23,6.4
733530,10.1,8.3,0,16,4.1,70,9,4.7
733531,10.6,7.9,0,17.2,3.8,65.1,1.1,4.2
733532,11.6,6.9,0,18,5.1,57.9,1.3,5.5
733533,12.7,5.9,0,18.5,6.7,60.7,0.7,6.1
733534,13.2,5.3,0,20.1,6,61.7,0.2,5.5
733535,13.3,5.2,0,20.9,5.5,57.2,3.1,4.5
733536,13.8,4.8,0,21.8,5.4,55,0.7,4.4
733537,14.7,3.9,0,22.9,6.2,51.2,0,5.6
733538,16.1,2.7,0.2,23.1,8.8,47.6,0.6,6.9
733539,15.6,3,0.1,22.8,8.1,48.8,0.7,6.5
733540,15.9,2.7,0.1,23.5,7.9,49,0.1,5.4
733541,14.2,4.5,0.1,21.8,6.4,56.5,0.2,6.5
733542,14.3,4.4,0.1,22.1,6.1,55.6,0.6,4.7
733543,15.5,3.2,0.1,22.1,8.5,62.7,7.9,4.7
733544,14.1,4.4,0.1,20.1,8,74.3,123,4.9
733545,13.2,5.4,0.1,18.1,8.2,79.1,155.6,5.4
733546,10.6,8,0,15,5.9,76.8,63.2,5.3
733547,10.7,7.8,0,14.8,6.4,66,19.9,5.6
733548,9.6,8.9,0,15.1,3.9,61,1.5,6.5
733549,10.6,7.8,0,15.5,5.7,63.5,1.9,5.7
733550,11.2,7.2,0,17.2,5.2,64.2,0.5,4.8
733551,13,5.4,0,18.9,7,64,0.5,5.1
733552,14.2,4.3,0,20.5,7.7,61.4,2,6.4
733553,14.9,3.7,0.2,20.7,9,67,21.2,6.8
733554,15.5,3.4,0.3,20,10.7,75.7,11,6
733555,16.7,2.8,0.9,22.5,10.8,70,2.8,8.3
733556,19.4,0.9,1.7,24.7,13.8,61.8,2.3,8.4
733557,20.3,0.5,2.2,26,14.4,62.9,20.3,7.1
733558,20.8,0.3,2.6,26.7,14.6,64.6,23.2,6.6
733559,18.7,1.7,2,24.5,12.9,71.6,31.9,5.9
733560,20,0.4,2,26.2,13.8,65.9,19.7,4.8
733561,22.1,0,3.6,28.8,15.2,59.6,1.2,5.6
733562,19.5,0.7,1.7,24.3,14.6,71.1,174.9,6.5
733563,17.4,1.8,0.7,22.2,12.5,75.7,3.4,6
733564,18.3,0.7,0.5,22.9,13.5,65,54,6.6
733565,18.1,1.1,0.5,23.1,12.7,61,75.3,6.1
733566,18.7,1.1,1.3,23.4,14,64.9,58.9,5.6
733567,18.7,1.1,1.3,25.1,12.1,60,15.8,5
733568,19.3,0.5,1.3,25.5,12.8,57.3,11.7,4.9
733569,18.6,1.2,1.3,25.4,11.6,59.1,1.1,6.4
733570,14.8,3.6,0,19.3,10.2,66.2,9,8.6
733571,12.5,5.9,0,17.1,7.8,68.4,16.9,6.5
733572,10.8,7.7,0,15.5,5.9,73.5,214.7,6.9
733573,11.2,7.4,0,16.8,5.3,68.6,93.3,5.8
733574,11.8,6.7,0,16.9,6.5,73,30.9,5.4
733575,12,6.5,0,17,6.7,73.3,62.6,4.8
733576,12.9,5.6,0,19.4,6.1,64.6,15.8,3.8
733577,15.7,3,0.1,22.4,8.7,59.4,6.1,4.8
733578,17.2,1.9,0.6,23.4,10.9,61.2,3,7.6
733579,16.9,1.8,0.3,21.7,12.1,64.5,170.6,6.9
733580,16.9,2,0.5,22.9,10.8,64.7,5.8,4.7
733581,21.9,0.2,3.8,29.7,14.2,62.5,19.1,7
733582,17.3,2.6,1.4,22.8,11.6,62.1,50.3,9
733583,17.2,2.3,0.8,22.9,10.9,62.2,36,5.1
733584,19.4,0.7,1.6,25.4,13.1,70.4,110.2,5.7
733585,18.5,0.8,0.8,23.3,13.6,60.9,31,6.1
733586,16.6,2,0.2,21,12.2,67,8.3,8.6
733587,17.6,1.3,0.3,22,12.7,75.7,25.9,7.9
733588,19.7,0.3,1.5,25,14.1,62.8,1,5.9
733589,17.8,1.5,0.7,23.4,12,61.4,1.5,6.4
733590,19.5,0.3,1.4,27.2,11.7,54.4,0.3,4.2
733591,23.3,0,4.8,30.8,15.7,50.3,1.7,6
733592,21.4,0.6,3.5,27.6,15.2,67.7,80.4,5.8
733593,16.6,1.9,0.1,21.3,11.9,73,25,7.6
733594,18,0.7,0.2,24,11.9,62.6,1.8,4.4
733595,19.4,0.3,1.2,24.7,14,66,30.1,5.2
733596,15.4,3.3,0.2,20.5,10.2,70.8,36.8,8.4
733597,15.9,2.6,0,19.9,11.6,72.8,69.2,9.9
733598,15,3.6,0,19.6,10.1,71,34.1,8.3
733599,18.5,1,1,23.8,13,73.8,9,5.9
733600,20,0.5,2.1,24.5,15.4,74.8,23.8,6.3
733601,16.7,2.2,0.5,20.7,12.8,74.2,26.5,7.5
733602,14.7,3.8,0,18.8,10.5,76.2,35.5,4.6
733603,15.6,3.1,0,20.4,10.5,69.8,8.7,6.3
733604,18.2,0.6,0.3,23,13.2,65.5,1.4,7
733605,17.3,1.5,0.2,21.8,12.6,74.4,28.9,7.1
733606,13.8,4.8,0,18.5,8.9,76.3,25,4.9
733607,14.3,4.3,0,18.8,9.6,79.9,15,6.2
733608,17,1.8,0.3,22,11.9,76.6,8.2,8
733609,15.1,3.5,0.1,19.9,10.2,73.6,218.6,8.1
733610,12.2,6.4,0,16.3,7.6,75.6,21.9,9.6
733611,13.1,5.4,0,18.2,7.9,78.7,17.1,6.9
733612,15.3,3.1,0,21.7,8.9,71.9,9.4,4.5
733613,17.1,1.8,0.3,24,9.9,65.5,0.5,6.5
733614,21.1,0.3,2.9,27.2,14.7,68.1,1.6,5.9
733615,23.2,0,4.8,29,17.1,67,4.1,5.7
733616,23.5,0.1,5.1,29.5,17.5,62.2,6.3,5.2
733617,23.5,0.1,5.1,30.1,16.7,54.4,45.1,5.9
733618,23.3,0,4.7,29.7,16.6,58.2,10.3,5.5
733619,21.5,0.1,3.5,27.6,15.9,66,28.1,4.1
733620,23.2,0.2,4.9,30,16.3,57.2,17.3,5.7
733621,22.1,0.1,3.7,27.9,16.1,65.4,11,6.3
733622,19.9,0.1,1.5,23.5,16.1,71.5,10,5.4
733623,20.7,0.1,2.3,24.4,16.8,69.7,5.1,7.9
733624,18,1.5,1,22.4,13.5,70.6,74.1,11.2
733625,18.2,0.8,0.4,22.6,13.6,66.5,33,8.6
733626,19.7,0.3,1.7,26.4,13,65.7,1.8,4
733627,22.8,0.1,4.4,29.8,15.7,60.7,6.2,6.5
733628,18.6,0.8,0.9,22.3,14.7,75.4,84.4,8.5
733629,16.2,2.4,0,20.6,11.7,67.3,26.2,7.3
733630,17.8,1,0.3,21.9,13.5,72.8,2.9,7.5
733631,19.4,0.5,1.4,24.1,14.6,69,9,6.2
733632,18.6,0.8,0.9,22.4,14.7,83.2,159.5,7.2
733633,17.5,1.7,0.8,21.5,13.5,65.1,32.4,11.1
733634,17.1,2,0.5,22.1,11.7,61.7,1.9,7.4
733635,13.6,4.9,0,18.5,8.5,79.8,67.6,4.4
733636,13.9,4.7,0,20.4,7.1,72.1,77.8,4.2
733637,15.9,2.7,0.1,22.8,9,65.4,154.9,4.3
733638,17.4,1.7,0.6,23,11.8,71.6,2,6.2
733639,19.7,0.3,1.5,24,15.3,72.3,31,7.7
733640,17.3,1.3,0.3,20.7,14,75.7,34.9,8.9
733641,16.9,1.8,0.2,22,11.7,70.3,7.3,6.3
733642,16.9,2,0.3,21.9,11.6,77.6,10.9,4.6
733643,12.9,5.6,0,17.5,8.1,80,110.6,8.5
733644,14.4,4.2,0,19,9.3,76.9,7.2,6.6
733645,15.5,3.1,0,20.2,10.5,80.2,56.2,4.8
733646,17.6,1,0.2,21.7,13.5,78.2,1.9,5.2
733647,18.3,0.9,0.7,22.5,13.9,75.7,1.7,5.7
733648,17.8,0.8,0,20.7,14.7,78.5,2.4,6.3
733649,17.3,1.5,0.2,20.9,13.4,77.9,5.2,6.5
733650,16.5,2.1,0.1,22.9,9.8,69.9,0.1,4
733651,18.2,0.8,0.7,25.4,11.2,60.9,0.4,5.8
733652,17.6,1.1,0.2,21.9,13.2,76.5,131.2,6.1
733653,16.9,1.9,0.3,22.2,11.3,74.5,7.8,6.5
733654,15.7,3.2,0.5,21.1,10.3,76.5,36,7.8
733655,13.8,4.8,0,18.3,9,81.2,168.1,6.6
733656,16.2,2.6,0.3,21.9,10.4,77.1,33.7,5.5
733657,18.9,0.8,1.2,22.3,15.3,76.4,63,6.9
733658,15,3.6,0,18.9,10.9,81.2,154.9,6.6
733659,14.4,4.1,0,20,8.7,75.6,5.8,6.6
733660,15.4,3.1,0,23.3,7.2,68.4,1.6,4.4
733661,18.2,0.6,0.4,23.1,13.3,75.9,5.9,4.6
733662,18.3,0.7,0.6,24.3,12.3,77.2,2.8,4.6
733663,15.2,3.4,0.1,19.3,11.1,81.1,69,8.4
733664,10.2,8.3,0,15.4,4.9,69.3,63.7,8.6
733665,9.4,9.1,0,13.7,4.9,72.1,18.2,6.4
733666,9.1,9.4,0,13.1,4.9,79,4.4,5.9
733667,8.2,10.3,0,12,4.3,76.7,12.2,4.9
733668,8.2,10.3,0,12.9,3.4,73.1,1.6,3.9
733669,8.9,9.5,0,14.4,3.2,72.2,7,4
733670,8.5,9.9,0,15,1.9,71.4,2.9,3.9
733671,9.4,9.1,0,14.7,3.8,73.2,1.4,4.5
733672,10.1,8.4,0,15.1,4.8,80.8,18.3,4.6
733673,9.5,9.1,0,13.7,5.1,87.4,30.4,4.7
733674,9.6,8.9,0,13.1,6,91,50.2,5.3
733675,10.7,7.8,0,14.9,6.3,85.9,72.6,5.4
733676,10,8.5,0,15,4.9,81.7,10.6,6.4
733677,9.7,8.8,0,15.5,3.6,82,3.4,4.7
733678,10.2,8.3,0,16.4,3.8,80.9,0,4.1
733679,11.1,7.4,0,16.8,5.2,78.7,1.8,4.1
733680,9.7,8.9,0,14.6,4.6,81.6,3.1,5
733681,9.1,9.3,0,12.7,5.6,86,31.4,9
733682,10.7,7.8,0,14.6,6.7,80.9,105.5,13.2
733683,9.1,9.3,0,13.2,4.9,75.9,114.4,10.5
733684,7.6,11,0,11.3,3.5,81.1,29.8,6.8
733685,6.9,11.4,0,10.7,3.2,78.9,14.4,7.7
733686,8.3,10.2,0,12.6,3.9,79.2,5.6,10.8
733687,10.6,7.9,0,14.6,6.4,87.2,65.1,4.8
733688,12.2,6.3,0,17,7.1,86.8,4.6,4.5
733689,12.2,6.3,0,17.2,7.1,88.1,8.8,4.6
733690,10.6,7.8,0,14.8,6.5,88.6,1.6,3.9
733691,10.2,8.2,0,15.8,4.6,86.3,0.9,4.2
733692,11.6,6.9,0,17.2,5.8,85.3,1.3,5.1
733693,11.3,7.3,0,16.4,5.9,88,1.3,4.4
733694,12.3,6.2,0,19.2,5.3,84.5,2.7,4.7
733695,15,3.4,0,18,12.1,83.6,6.3,5.2
733696,13.2,5.4,0,16,10,88.5,10.6,5.6
733697,10.6,7.9,0,14.1,7,88.1,146.9,8.4
733698,8.2,10.3,0,12.1,4.3,83.9,156.7,7.7
733699,8,10.6,0,12.8,3,82.9,0,4.8
733700,9.6,9,0,13.9,4.9,82.8,0,6.1
733701,10.8,7.8,0,17.7,3.7,77.3,0,5.8
733702,13.4,5.3,0,17.8,8.5,84.6,60.6,7.1
733703,8.4,10.3,0,11,5.4,90.6,182.1,4.5
733704,7.7,11,0,12,3,83.9,1.3,5
733705,7.6,11.1,0,11.7,3.2,80.9,1,5.1
733706,8.9,9.7,0,12.9,4.8,86.2,3.3,3.4
733707,9.1,9.6,0,13,4.9,82.5,0.6,6.4
733708,9.3,9.3,0,12.3,6,89.8,421.9,5.2
733709,6.8,11.9,0,9.3,3.8,88.8,146.7,4.6
733710,5.5,13.2,0,7.4,3.3,90.6,130,3.4
733711,4.6,14.1,0,6,2.6,92.1,335.6,6.9
733712,4.3,14.2,0,7.5,0.8,89.8,105.1,4.2
733713,5.6,12.9,0,8.7,2.2,91,19.5,5.1
733714,6.4,12.1,0,9.5,2.9,94.5,2.2,4.4
733715,6.9,10.3,0,9.8,3.7,88.8,1.8,4.8
733716,7,10.2,0,9.8,4,88.9,8,3.5
733717,8.1,9.1,0,11.1,5,85.7,3.2,5.6
733718,7.4,9.6,0,9.8,4.7,88.6,3.1,3.6
733719,8.1,10.4,0,11.2,4.9,90.1,3.2,4.1
733720,6.8,10.3,0,10.6,3.1,81.9,13.4,3.9
733721,7,10.2,0,10.8,3,77.5,79.3,8.3
733722,9.3,7.8,0,13.3,5.1,72.2,14.7,10.7
733723,8.7,8.6,0,12.8,4.4,71.3,10.4,9.6
733724,6.2,11.1,0,9.1,3,78.3,7.4,6.7
733725,4.8,12.5,0,7.9,1.4,84.4,4.8,3.8
733726,4.9,12.4,0,8.3,1.4,83.1,5.6,6.6
733727,6.5,10.6,0,9.4,3.6,82.4,6.2,7.5
733728,6.2,11,0,9,3.1,79.3,6.9,8.4
733729,3.5,13.7,0,7,-0.2,77.8,16,4
733730,3.5,13.7,0,6.3,0.6,81.2,4.5,7.4
733731,5.5,11.6,0,8,2.8,80,57.6,9.6
733732,6.1,11.1,0,8.9,3.2,76.9,46.8,13.5
733733,2.8,14.5,0,5.5,0,80.5,87.2,10.7
733734,0.3,17,0,1.5,-1.2,79.4,69,9.6
733735,0,17.1,0,1.7,-1.7,78.8,8,8
733736,-0.5,17.8,0,1.9,-3.1,84.6,19,5
733737,-0.7,18,0,2,-3.6,83.6,13.6,4.4
733738,1.7,15.5,0,4.3,-1,84.4,8,6.4
733739,2.7,14.3,0,5,0.3,82.1,9.1,7.1
733740,1.1,16.2,0,3.4,-1.4,78.8,2.5,5.1
733741,0.8,16.3,0,2.7,-1,83.2,5,4
733742,1.1,16.1,0,3.6,-1.6,84.6,14.9,4.2
733743,1.3,15.9,0,3.7,-1.3,86.2,10,4.5
733744,2.4,14.7,0,4.3,0.5,82.7,73,7.7
733745,1,16.3,0,2.8,-1,82.1,42.7,7.3
733746,1.4,15.9,0,4.5,-1.9,82.9,44,6.9
733747,3.6,13.5,0,5.3,1.7,84.2,52.5,5.8
733748,3,14.3,0,5.1,0.6,86.6,49.4,5
733749,3,14.2,0,5.1,0.8,85.4,26,5.2
733750,1.8,15.4,0,4,-0.4,85.1,2.5,5.8
733751,0.3,17,0,2.1,-1.7,86.2,4.5,4.8
733752,0.9,16.2,0,2.3,-0.3,88.5,7.3,3.6
733753,0.5,15.9,0,1.3,-0.5,90,25.8,3.4
733754,0.2,12.3,0,1,-1,63.6,114,2.6
733755,0.3,12.1,0,1.2,-0.8,62,5,4.3
733756,1.5,10.8,0,3.1,-0.3,57.4,9,5.5
733757,1.8,10.6,0,2.8,0.6,60,9,3.6
733758,1.2,11.2,0,1.6,0.6,63.5,2,2.7
733759,1.2,11.3,0,1.6,0.4,63.4,12.3,2.7
733760,1.4,11,0,2.3,0.3,64.1,38.9,3.3
733761,2.7,9.7,0,4.2,1.1,62.4,36.4,4.9
733762,3.5,8.9,0,5.1,1.6,60,99.8,7.8
733763,4.4,8,0,5.8,2.9,59.5,61,5.8
733764,4.9,7.6,0,6,3.5,57.8,29.5,8.3
733765,2.8,9.5,0,4.6,0.8,60.6,8.8,2.9
733766,2.6,9.8,0,3.8,1.3,63.8,9,3.4
733767,1.7,10.6,0,3.7,-0.4,56.9,69.3,4.4
733768,-0.5,12.8,0,0.9,-2.2,51.7,5,5.3
733769,-0.5,12.9,0,0.4,-1.7,54.9,9,4.2
733770,-1,13.4,0,0.3,-2.4,54.5,9,4.4
733771,-1.8,14.1,0,-0.1,-3.7,55.4,9,3.8
733772,-2.3,14.6,0,-0.2,-4.4,55.5,9,3.3
733773,-3.4,22.3,0,-0.1,-7.8,86.6,8.3,2.4
733774,-3.1,21.5,0,-0.3,-5.9,93.8,0,4.1
733775,-3.9,22.3,0,-0.4,-7.2,90.1,11.7,3.7
733776,-4.3,22.9,0,-0.6,-8.4,86.9,8.3,6.2
733777,-1.6,20.1,0,0.2,-3.7,92.1,16.7,6.6
733778,-4.7,23.4,0,-1.2,-8.7,88.2,59.6,6.1
733779,-9.7,28.2,0,-5.8,-13.8,82.1,3.2,4.7
733780,-7.8,26.3,0,-3.4,-12.6,85.1,6.3,4.9
733781,-7.1,25.5,0,-3.5,-10.7,90.3,3.9,4.9
733782,-7.3,25.7,0,-3,-11.8,85.8,0,3.8
733783,-5.2,23.7,0,-1.1,-9.4,82.9,0,3.3
733784,-5.5,24,0,-1.4,-10,77.8,0,5.6
733785,-3.2,21.7,0,0.7,-7.3,70.8,0,7.6
733786,-1,19.4,0,2.2,-4.1,78.6,0,6.6
733787,-1.9,20.4,0,0.8,-4.7,89.4,19.4,3.6
733788,0.1,18.3,0,2.4,-2.2,94.4,0.2,3.7
733789,-1.4,19.8,0,0.7,-3.7,92.5,0,5.2
733790,0.3,18.1,0,3.1,-2.2,90,11.7,6
733791,2.6,15.9,0,5,0,87.6,208.5,9.3
733792,3,15.5,0,5.7,0.1,85.9,371.9,9
733793,2.3,16.2,0,5,-0.4,86.2,137.7,6.3
733794,0.5,18.1,0,2.6,-1.9,93.4,10.2,3.5
733795,0.8,17.7,0,3.5,-2,86.8,9.8,7.2
733796,2.3,16.1,0,5.3,-0.6,87.7,401.1,10.8
733797,2.4,16.1,0,4.7,-0.1,85.5,222.1,6.8
733798,1.1,17.5,0,4.5,-2.4,89.2,0,4.4
733799,-1.1,19.5,0,1.6,-4,92.8,0,4.6
733800,-1.2,19.7,0,0.4,-2.9,93.9,0,3.5
733801,-1.1,19.6,0,0.2,-2.6,91.1,0,4.1
733802,-1.2,19.7,0,0.7,-3.2,86.9,0,5.6
733803,-1.8,20.3,0,0.1,-3.9,86.7,0,6.1
733804,-0.7,19.2,0,1,-2.6,81.8,3,7.3
733805,-2.3,20.8,0,-0.4,-4.4,79,10,9.9
733806,0.5,17.9,0,3.2,-2.1,77.6,0,10.5
733807,2,16.5,0,5,-1,83.8,0,5.1
733808,0.3,18.2,0,2.2,-1.8,95.5,0,2.9
733809,2.5,16,0,5.9,-0.9,90.2,1.9,4.9
733810,3.2,15.4,0,6.6,-0.4,88.6,49.2,4.2
733811,1.9,16.5,0,3.9,-0.3,94.5,65.2,3.8
733812,1.3,17.2,0,3.1,-0.7,83.8,44.4,6.9
733813,0.1,18.4,0,3.2,-3.1,83,29,6.5
733814,3.1,15.3,0,6.3,-0.2,88.5,623.9,12.8
733815,0.7,17.8,0,2.5,-1.3,86.4,314.2,9.6
733816,-1,19.4,0,1.1,-3.1,84.7,72.3,6.6
733817,-1.2,19.8,0,1.3,-4,88.7,6.1,5.5
733818,-2.2,20.9,0,0.7,-5.6,84.8,16.1,5.9
733819,-2.3,20.7,0,0.5,-5.1,85.3,21.4,6.4
733820,0.5,18,0,2.4,-1.7,94.4,121,6.4
733821,-1.2,19.8,0,2.1,-4.9,86.8,236.3,7.7
733822,-4.3,22.8,0,-0.5,-8.4,79.8,5.8,4.2
733823,-2.3,20.8,0,1.2,-6,80.9,4.7,5.5
733824,0.5,18,0,2.5,-1.7,95,260.7,5.8
733825,1.6,16.8,0,3.2,0,93.5,34.5,4.6
733826,3.1,15.5,0,4.8,1.1,94.9,258.2,8.9
733827,3,15.5,0,4.7,1.3,90,165.4,9.5
733828,1.6,16.8,0,3.7,-0.4,88.2,68,4.9
733829,2.5,16,0,5.4,-0.6,85,0.6,6.7
733830,3.8,14.5,0,6.3,1.4,84.4,20.7,10.9
733831,4.8,13.7,0,6.8,2.6,88.3,99.5,8.9
733832,5.7,12.8,0,8.3,2.7,91.4,7.3,4.2
733833,5.7,12.8,0,9.4,1.9,88.4,0,4.6
733834,5.1,13.4,0,7.4,2.5,90.3,48.6,6
733835,4.4,14,0,7.9,0.7,79.4,18,5.4
733836,5.3,13.1,0,10,0.7,76.8,2.9,8.3
733837,4.6,13.8,0,8.2,1,88.4,63.4,6.6
733838,3.4,15.2,0,4.6,1.8,94.6,497.4,7.5
733839,2.8,15.6,0,5.7,-0.1,86.5,106,7.1
733840,4.1,14.4,0,7.5,0.6,85.2,30.6,8.7
733841,3.8,14.7,0,6.1,1.3,81.6,220,10.6
733842,4.2,14.4,0,6.3,1.9,87.1,140.5,9.2
733843,4.1,14.4,0,7,1.2,84,211.4,7.6
733844,4,14.5,0,6.8,1.2,88.8,42.5,7.9
733845,6.5,12,0,9.9,3.1,81.4,171.7,6.6
733846,6.3,12.3,0,11.7,0.6,80.1,35,5.5
733847,6.2,12.3,0,8.3,4,87.7,47.6,8
733848,5.5,13,0,8.3,2.5,87.4,9,4.1
733849,6,12.4,0,10.4,1.6,76.7,20.5,7.7
733850,4.3,14.3,0,9.5,-1.1,66.6,0,6.6
733851,3.8,14.7,0,8.5,-1.2,64.6,1.3,6.5
733852,1.4,17.2,0,5.7,-3.1,64.3,0,4.9
733853,2.2,16.4,0,7.5,-3.5,61.7,0,5.3
733854,4.1,14.3,0,8.8,-0.5,72.1,23.9,10.8
733855,5.1,13.5,0,8.1,1.8,79.6,137.7,14.6
733856,1.7,16.7,0,5.7,-2.1,77.6,325.5,10.2
733857,1.4,17.1,0,4.5,-1.7,84.6,140.8,8.5
733858,4.7,13.8,0,7.5,1.7,85.6,178.5,9.2
733859,5.8,12.7,0,9,2.5,79.1,233.9,9.6
733860,5.8,12.7,0,9.2,2.3,83.7,151.7,7.5
733861,5,13.6,0,8.1,1.6,80.4,71.9,5
733862,4.5,14.1,0,9.6,-1,76.1,1,4.7
733863,5.8,12.6,0,12.2,-0.5,67.9,0,5.1
733864,7.5,11,0,14,0.9,71.2,0,6.5
733865,10.7,7.7,0,17.4,4.1,65.2,0,8.3
733866,11.8,6.8,0,20.2,3.1,62,0,4.7
733867,11.6,6.7,0,18.1,5.1,72.5,0,5.5
733868,9.8,8.7,0,14.9,4.6,76.1,14.8,4.3
733869,10.9,7.6,0,18.3,3.3,71.3,3.3,4.7
733870,13,5.4,0,21,5,63.6,1.3,5.5
733871,11.6,7,0,17.1,5.7,69.8,5.4,6.6
733872,11.7,6.9,0,18,5.1,69,37.5,4.3
733873,13.8,4.7,0,22,5.5,59,0,6.2
733874,14,4.5,0,21.4,6.3,57.3,0,5.9
733875,13.1,5.4,0,20.7,5.4,60.6,0,5.1
733876,13.1,5.3,0,20.4,5.7,65.8,0,4.2
733877,12.8,5.7,0,21,4.6,65.1,2,4
733878,13.2,5.3,0,21.6,4.5,55.5,0,6
733879,13.4,5.1,0,20.1,6.7,57.9,24.6,8.3
733880,9.1,9.3,0,12.9,5.2,79.9,414.7,8.4
733881,8.5,10,0,13.1,3.6,77.5,414.6,6.5
733882,10,8.5,0,16.5,3.4,66.5,25.1,6.7
733883,11,7.5,0,18.5,3.4,59,0,5.5
733884,11.6,6.9,0,18.9,4.1,56.7,0,5
733885,9,9.5,0,15.2,2.7,68,1.7,6.9
733886,7.4,11,0,12.7,2.1,74.3,6.5,4.9
733887,9.9,8.6,0,18.1,1.5,59.1,3,6.7
733888,13.7,4.7,0,20.9,6.6,50.5,0,6.8
733889,14.1,4.4,0,21.1,6.9,57,0,5.7
733890,13.4,5.1,0.1,19.2,7.5,63.1,8.1,6.6
733891,11.6,7,0,16.7,6.3,75.2,203.9,6.8
733892,10,8.5,0,14.1,5.7,81.9,149.4,4.7
733893,11.2,7.3,0,16.8,5.4,79.6,105.3,4.7
733894,12.3,6.2,0,19.5,4.9,73.7,0.9,4.6
733895,12.4,6.1,0,19.8,4.8,64.6,46.2,4.5
733896,12,6.6,0,18.7,5.1,69.4,23.7,5.1
733897,8.7,9.8,0,13.4,3.9,66.8,28.4,7.1
733898,7.8,10.8,0,12.3,3.1,78,2.1,8.5
733899,10.4,8.1,0,13.8,6.8,80.2,163.9,10.9
733900,12.2,6.2,0,19.1,5.2,70.4,47.8,6.1
733901,13.4,5.1,0,20,6.7,71.8,121.5,7.5
733902,12.9,5.5,0,19.2,6.6,67.1,54.7,5.3
733903,13.8,4.7,0,19.3,8.2,68.9,85,4.3
733904,11.8,6.7,0,16.2,7.4,81.7,233.1,5.6
733905,10.3,8.2,0,15.3,5.1,70.4,247.1,7.4
733906,11.6,6.8,0,17.6,5.5,64.2,75.3,7
733907,12.3,6.1,0,17.4,7.3,65.2,61.1,7.7
733908,12.2,6.3,0,17.6,6.7,74.8,62.2,7.6
733909,11.5,6.9,0,16.7,6.1,72.5,96.6,6
733910,14.8,4,0.3,21.7,7.8,69.3,57,5.7
733911,14.3,4.2,0,19.6,8.8,71,110.6,5.6
733912,13.8,4.6,0,21.5,6,63.2,12.9,3.8
733913,15.9,2.6,0.1,22.6,9.1,64.4,49.5,4
733914,17.9,1,0.3,23.6,11.9,73.7,171.4,5.2
733915,15.7,3,0,19.9,11.1,65.4,268.6,7.1
733916,14.9,3.8,0,20.8,8.4,60.7,0,7
733917,19.2,0.8,1.4,25.8,12.2,62.8,0,4.2
733918,20.3,0.9,2.5,26.7,13.4,63.2,0,4.4
733919,19.5,0.4,1.3,26,12.7,70.7,175.7,8.9
733920,13.6,5,0,17.3,9.6,61.3,406.9,9.8
733921,13.8,4.9,0,17.4,9.7,70.5,44.3,10.1
733922,13.2,5.4,0,18.4,7.8,57.4,68.6,9.4
733923,14.2,4.4,0.1,19,9.2,64.1,0,9.4
733924,16.1,2.6,0,20.8,11.2,68.7,60,7.4
733925,17.1,1.7,0.2,22.8,11.1,65.2,14.2,5.5
733926,17.7,1.2,0.3,23.7,11.2,59,22.5,7.4
733927,14.7,4,0,18.6,10.3,57.6,4.3,10.3
733928,11.5,7.1,0,15.2,7.5,60.6,224.3,8.4
733929,11,7.7,0,15.9,5.6,62.1,14.3,6.7
733930,11.4,7.2,0,15.1,7.5,75.9,293.8,7.2
733931,12.9,5.6,0,16.7,8.9,79.6,176.1,5.9
733932,14.7,4.1,0,19.3,9.5,70,305.7,6.2
733933,16.6,1.8,0,20.8,12.5,76.2,296.7,7.1
733934,14.6,3.9,0,19.8,9.4,70.6,254.2,7.8
733935,12.7,5.8,0,16.7,8.7,79.7,967.4,10.7
733936,11.8,6.8,0,17,6.2,66.5,188,10.6
733937,13,5.5,0,19.8,6.1,59.1,9.4,7.7
733938,15.3,3.3,0.2,23.2,7.5,65,0.8,4.9
733939,15.9,2.9,0.3,20.4,11.2,80.3,608.3,5
733940,12.9,5.6,0,17.8,7.7,75.6,839.3,6
733941,14.1,4.4,0,21.3,6.8,63.1,5,4.3
733942,17.2,1.7,0.4,22.8,11.4,66.7,2.1,6.8
733943,16.3,2.4,0,19.5,12.3,71.3,0,7
733944,14.3,4.4,0,18.4,9.7,69.1,30,5.4
733945,13.8,5,0,17.6,9.3,75.9,150,4.5
733946,14.2,4.7,0,17.9,9.7,78.1,130,6.9
733947,14.3,4.3,0,19.3,9.1,70.6,281.2,8
733948,16.3,2.3,0.1,21.4,11,69.4,130.5,7.6
733949,17.2,1.7,0.4,21.2,13,81,130.8,6.1
733950,19.4,0.3,0.9,23.4,14.9,80.9,43.8,6.4
733951,19,0.4,0.8,21.7,15.9,83.6,77.6,6.3
733952,19.1,0.8,1.3,22.7,15.2,80.5,494.3,4.9
733953,20.4,0.1,1.9,25.6,14.9,73.9,0,3.9
733954,22,0,3.4,27.3,16.4,73.4,0,3.8
733955,22.3,0,3.8,27.7,16.8,75.4,142.5,3.9
733956,22.8,0,4.5,27.4,17.7,72.6,142.5,4.6
733957,22.8,0,4.2,28.6,17.7,73.5,142.5,4.4
733958,22.2,0,3.6,26.2,17.8,72.2,142.5,5.6
733959,21.5,0,2.7,26.1,16.4,70.6,142.5,4.5
733960,20.6,0,2,24.7,16.2,72.9,142.5,5.5
733961,18.8,0.7,0.9,22.5,14.8,73.4,142.5,8.2
733962,16.7,2.2,0,19.2,13.4,79.5,142.5,9.7
733963,13.2,4.9,0.1,19.5,11.9,82.4,142.5,8.1
733964,13.2,4.9,0.1,19.5,11.9,82.4,142.5,8.1
